INSERT IGNORE INTO food (food_id, food_name, food_category) VALUES
																(1, '대파', 'VEGETABLES_FRUITS'),
																(2, '당근', 'VEGETABLES_FRUITS'),
																(3, '쪽파', 'VEGETABLES_FRUITS'),
																(4, '시금치', 'VEGETABLES_FRUITS'),
																(5, '양파', 'VEGETABLES_FRUITS'),
																(6, '양배추', 'VEGETABLES_FRUITS'),
																(7, '청양고추', 'VEGETABLES_FRUITS'),
																(8, '돼지고기', 'MEAT'),
																(9, '어묵', 'FISH_SEAFOOD'),
																(10, '달걀', 'EGGS_DAIRY'),
																(11, '마요네즈', 'SAUCES'),
																(12, '고추장', 'SAUCES'),
																(13, '된장', 'SAUCES'),
																(14, '진간장', 'SAUCES'),
																(15, '참기름', 'SAUCES'),
																(16, '밤소스', 'SAUCES'),
																(17, 'MSG', 'OTHERS'),
																(18, '간마늘', 'OTHERS'),
																(19, '고춧가루', 'OTHERS'),
																(20, '떡', 'OTHERS'),
																(21, '라면', 'OTHERS'),
																(22, '멸치가루', 'OTHERS'),
																(23, '물', 'OTHERS'),
																(24, '밤', 'OTHERS'),
																(25, '소금', 'OTHERS'),
																(26, '식용유', 'OTHERS'),
																(27, '식초', 'OTHERS'),
																(28, '우동면', 'OTHERS'),
																(29, '황설탕', 'OTHERS'),
																(30, '후춧가루', 'OTHERS'),
																(31, '김치', 'VEGETABLES_FRUITS'),
																(32, '밥', 'OTHERS'),
																(33, '베이컨', 'MEAT'),
																(34, '감자', 'VEGETABLES_FRUITS'),
																(35, '버터', 'EGGS_DAIRY'),
																(36, '밀가루', 'OTHERS'),
																(37, '파슬리', 'OTHERS'),
																(38, '돼지갈비', 'MEAT'),
																(39, '아스파라거스', 'VEGETABLES_FRUITS'),
																(40, '고등어', 'FISH_SEAFOOD'),
																(41, '생크림', 'EGGS_DAIRY'),
																(42, '닭고기', 'MEAT'),
																(43, '배추', 'VEGETABLES_FRUITS'),
																(44, '고구마', 'VEGETABLES_FRUITS'),
																(45, '우유', 'EGGS_DAIRY'),
																(46, '다시마', 'OTHERS'),
																(47, '김치소스', 'SAUCES'),
																(48, '미소된장', 'SAUCES'),
																(49, '불고기소스', 'SAUCES'),
																(50, '새우', 'FISH_SEAFOOD'),
																(51, '청경채', 'VEGETABLES_FRUITS'),
																(52, '굴', 'FISH_SEAFOOD'),
																(53, '토마토', 'VEGETABLES_FRUITS'),
																(54, '두부', 'VEGETABLES_FRUITS'),
																(55, '새우젓', 'OTHERS'),
																(56, '소고기', 'MEAT'),
																(57, '참치', 'FISH_SEAFOOD'),
																(58, '오징어', 'FISH_SEAFOOD'),
																(59, '식빵', 'OTHERS'),
																(60, '꿀', 'OTHERS'),
																(61, '파프리카', 'VEGETABLES_FRUITS'),
																(62, '베이킹파우더', 'OTHERS'),
																(63, '호두', 'OTHERS'),
																(64, '아몬드', 'OTHERS'),
																(65, '호박', 'VEGETABLES_FRUITS'),
																(66, '미역', 'FISH_SEAFOOD'),
																(67, '국간장', 'SAUCES'),
																(68, '양송이버섯', 'VEGETABLES_FRUITS'),
																(69, '대추', 'VEGETABLES_FRUITS'),
																(70, '생강', 'VEGETABLES_FRUITS'),
																(71, '부추', 'VEGETABLES_FRUITS'),
																(72, '콩나물', 'VEGETABLES_FRUITS'),
																(73, '고추', 'VEGETABLES_FRUITS'),
																(74, '연근', 'VEGETABLES_FRUITS'),
																(75, '깻잎', 'VEGETABLES_FRUITS'),
																(76, '브로콜리', 'VEGETABLES_FRUITS'),
																(77, '가지', 'VEGETABLES_FRUITS'),
																(78, '피망', 'VEGETABLES_FRUITS'),
																(79, '애호박', 'VEGETABLES_FRUITS'),
																(80, '버섯', 'VEGETABLES_FRUITS'),
																(81, '닭가슴살', 'MEAT'),
																(82, '소시지', 'MEAT'),
																(83, '햄', 'MEAT'),
																(84, '문어', 'FISH_SEAFOOD'),
																(85, '꽃게', 'FISH_SEAFOOD'),
																(86, '전복', 'FISH_SEAFOOD'),
																(87, '갈치', 'FISH_SEAFOOD'),
																(88, '체다치즈', 'EGGS_DAIRY'),
																(89, '모짜렐라치즈', 'EGGS_DAIRY'),
																(90, '리코타치즈', 'EGGS_DAIRY'),
																(91, '굴소스', 'SAUCES'),
																(92, '데리야끼소스', 'SAUCES'),
																(93, '케첩', 'SAUCES'),
																(94, '그릭요거트', 'EGGS_DAIRY'),
																(95, '당면', 'OTHERS'),
																(96, '떡국떡', 'OTHERS'),
																(97, '카레가루', 'OTHERS'),
																(98, '스파게티면', 'OTHERS'),
																(99, '빵가루', 'OTHERS'),
																(100, '올리브유', 'OTHERS'),
                                                                (101, '오이', 'VEGETABLES_FRUITS'),
                                                                (102, '파인애플', 'VEGETABLES_FRUITS'),
                                                                (103, '레몬', 'VEGETABLES_FRUITS'),
                                                                (104, '무화과', 'VEGETABLES_FRUITS'),
                                                                (105, '사과', 'VEGETABLES_FRUITS'),
                                                                (106, '딸기', 'VEGETABLES_FRUITS'),
                                                                (107, '바나나', 'VEGETABLES_FRUITS'),
                                                                (108, '오렌지', 'VEGETABLES_FRUITS'),
                                                                (109, '상추', 'VEGETABLES_FRUITS'),
                                                                (110, '로메인', 'VEGETABLES_FRUITS'),
                                                                (111, '방울토마토', 'VEGETABLES_FRUITS'),
                                                                (112, '양고기', 'MEAT'),
                                                                (113, '오리고기', 'MEAT'),
                                                                (114, '연어', 'FISH_SEAFOOD'),
                                                                (115, '조개', 'FISH_SEAFOOD'),
                                                                (116, '오징어채', 'FISH_SEAFOOD'),
                                                                (117, '명태', 'FISH_SEAFOOD'),
                                                                (118, '요거트', 'EGGS_DAIRY'),
                                                                (119, '파마산치즈', 'EGGS_DAIRY'),
                                                                (120, '머스타드', 'SAUCES'),
                                                                (121, '칠리소스', 'SAUCES'),
                                                                (122, '파스타면', 'OTHERS'),
                                                                (123, '피자도우', 'OTHERS'),
                                                                (124, '또띠아', 'OTHERS'),
                                                                (125, '훈제란', 'EGGS_DAIRY'),
                                                                (126, '다진소고기', 'OTHERS'),
                                                                (127, '팥앙금', 'OTHERS'),
                                                                (128, '코코넛밀크', 'OTHERS'),
                                                                (129, '아보카도', 'OTHERS'),
                                                                (130, '고수', 'OTHERS'),
                                                                (131, '라임', 'OTHERS'),
                                                                (132, '청주', 'OTHERS'),
                                                                (133, '두반장', 'OTHERS'),
                                                                (134, '하이라이스가루', 'OTHERS'),
                                                                (135, '쌀국수면', 'OTHERS'),
                                                                (136, '월남쌈피', 'OTHERS'),
                                                                (137, '김', 'VEGETABLES_FRUITS'),
                                                                (138, '참깨', 'OTHERS'),
                                                                (139, '설탕', 'OTHERS'),
                                                                (140, '숙주나물', 'VEGETABLES_FRUITS'),
                                                                (141, '도토리묵', 'OTHERS'),
                                                                (142, '청포묵', 'OTHERS'),
                                                                (143, '냉면', 'OTHERS'),
                                                                (144, '양상추', 'VEGETABLES_FRUITS'),
                                                                (145, '배', 'VEGETABLES_FRUITS'),
                                                                (146, '겨자', 'SAUCES'),
                                                                (147, '밀면', 'OTHERS'),
                                                                (148, '밀가루 면', 'OTHERS'),
                                                                (149, '만두피', 'OTHERS'),
                                                                (150, '라이스페이퍼', 'OTHERS'),
                                                                (151, '민트', 'VEGETABLES_FRUITS'),
                                                                (152, '양갈비', 'MEAT'),
                                                                (153, '소갈비', 'MEAT'),
                                                                (154, '미나리', 'VEGETABLES_FRUITS'),
                                                                (155, '무', 'VEGETABLES_FRUITS'),
                                                                (156, '죽순', 'VEGETABLES_FRUITS'),
                                                                (157, '양파소스', 'SAUCES'),
                                                                (158, '땅콩', 'OTHERS'),
                                                                (159, '홍합', 'FISH_SEAFOOD'),
                                                                (160, '바지락', 'FISH_SEAFOOD'),
                                                                (161, '짜장소스', 'SAUCES'),
                                                                (162, '춘장', 'SAUCES'),
                                                                (163, '초고추장', 'SAUCES'),
                                                                (164, '고구마전분', 'OTHERS'),
                                                                (165, '돼지등뼈', 'MEAT'),
                                                                (166, '감자당면', 'OTHERS'),
                                                                (167, '들깨가루', 'OTHERS'),
                                                                (168, '얼음', 'OTHERS'),
                                                                (169, '토마토소스', 'SAUCES'),
                                                                (170, '시저드레싱', 'SAUCES'),
                                                                (171, '크루통', 'OTHERS'),
                                                                (172, '페타치즈', 'EGGS_DAIRY'),
                                                                (173, '칼라마타 올리브', 'OTHERS'),
                                                                (174, '레몬그라스', 'VEGETABLES_FRUITS'),
                                                                (175, '카피르 라임 잎', 'VEGETABLES_FRUITS'),
                                                                (176, '피쉬소스', 'SAUCES'),
                                                                (177, '닭다리살', 'MEAT'),
                                                                (178, '크림치즈', 'EGGS_DAIRY'),
                                                                (179, '바질', 'VEGETABLES_FRUITS'),
                                                                (180, '후리카케', 'OTHERS'),
                                                                (181, '연어알', 'FISH_SEAFOOD'),
                                                                (182, '라멘면', 'OTHERS'),
                                                                (183, '차슈', 'MEAT'),
                                                                (184, '메밀면', 'OTHERS'),
                                                                (185, '쯔유', 'SAUCES'),
                                                                (186, '와사비', 'SAUCES'),
                                                                (187, '샤브샤브용 소고기', 'MEAT'),
                                                                (188, '메추리알', 'EGGS_DAIRY'),
                                                                (189, '소면', 'OTHERS'),
                                                                (190, '고사리', 'VEGETABLES_FRUITS'),
                                                                (191, '타르트지', 'OTHERS'),
                                                                (192, '바닐라 엑스트랙', 'OTHERS'),
                                                                (193, '마늘', 'VEGETABLES_FRUITS');

-- Insert a single menu item (떡볶이) into the menu table
-- menu 테이블에 데이터 삽입
INSERT IGNORE INTO menu (menu_id, menu_title, menu_description, menu_category, recipes, cooking_time, serving_size, difficulty, image_url, menu_like_count, created_at)
VALUES
    (1, '떡볶이',
     '매운 떡볶이로, 다양한 재료와 함께 조리된 인기 있는 한국의 길거리 음식.',
     'MENU_CATEGORY_SIDE',
     '["1. 대파는 어슷 썰거나 반으로 갈라 길게 썰어 준비한다.", "2. 양배추, 어묵은 먹기 좋은 크기로 썰어 준비한다.", "3. 냄비에 물, 진간장, 황설탕, 고추장, 굵은고춧가루, 고운고춧가루, 대파, 양배추를 넣어 끓인다.", "4. 떡볶이떡은 흐르는 물에 가볍게 세척한다.", "5. 육수가 끓으면 삶은달걀, 떡을 넣고 함께 끓여준다.", "6. 기호에 맞게 MSG를 넣는다.", "7. 떡을 넣고 육수가 끓어오르면 어묵을 넣어준다.", "8. 양념장이 걸쭉하게 졸아들 때까지 끓여 완성한다."]',
     40,
     2,
     'DIFFICULTY_MEDIUM',
     'https://no-nangbie-20240912.s3.ap-northeast-2.amazonaws.com/boards/menu_1.png',
     0,
     NOW()  -- 현재 시각으로 설정
     );

INSERT IGNORE INTO menu (menu_id, menu_title, menu_description, menu_category, recipes, cooking_time, serving_size, difficulty, image_url, menu_like_count, created_at)
VALUES
    (
        2, '중화 제육면',
        '중화 제육면은 돼지고기와 채소를 볶은 후 면과 함께 조리한 중화식 면 요리입니다.',
        'MENU_CATEGORY_NOODLE',
        '["1. 대파는 송송 썰어 준비한다.", "2. 프라이팬에 식용유를 두르고 대파를 넣어 파기름을 낸다.", "3. 파기름 향이 올라오면 돼지고기를 넣고 뭉치지 않게 풀어가며 볶는다.", "4. 고기 노릇하게 익으면 황설탕을 넣어 볶는다.", "5. 진간장을 넣어 향을 내준다.", "6. 된장, 고추장, 간마늘을 넣어 중약불에서 풀어가며 볶는다.", "7. 고춧가루를 넣어 가볍게 섞고 물, 후춧가루를 넣는다.", "8. 기호에 따라 미원을 넣고 농도나게 졸인다.", "9. 소금을 넣어 간을 맞춘다.", "10. 끓는 물에 칼국수면을 넣어 삶아낸다.", "11. 삶은 칼국수면은 찬물에 헹궈 준비한다.", "12. 헹궈 낸 면은 뜨거운 물에 토렴하여 준다.", "13. 프라이팬에 식용유를 두르고 달궈준다.", "14. 프라이팬에 달궈지면 양파, 대파를 넣고 그을려 지도록 볶는다.", "15. 애호박, 양배추를 넣어 볶아준다.", "16. 만들어 둔 중화제육소스를 넣고 중약불로 줄여 채소가 숨이 죽을 정도까지 볶아준다.", "17. 완성 그릇에 면을 담고 볶아 둔 중화제육소스를 끼얹어 완성한다."]',
        30, -- cooking_time (예: 30분)
        2,  -- serving_size (예: 2인분)
        'DIFFICULTY_MEDIUM',
        'https://no-nangbie-20240912.s3.ap-northeast-2.amazonaws.com/boards/menu_2.png',
        0,
        NOW()  -- 현재 시각으로 설정
    );

INSERT IGNORE INTO menu (menu_id, menu_title, menu_description, menu_category, recipes, cooking_time, serving_size, difficulty, image_url, menu_like_count, created_at)
VALUES
    (
     3, '밤라면',
     '밤 소스와 함께 만드는 고소한 라면.',
     'MENU_CATEGORY_NOODLE',
     '["1. 양파는 채 썰고 대파는 송송 썰어 준비한다.", "2. 냄비에 식용유, 양파, 간 돼지고기를 넣어 볶는다.", "3. 고기가 익으면 간장을 넣어 볶아주고 물을 넣어 끓인다.", "4. 믹서에 깐 밤, 물을 넣어 갈아준다.", "5. 라면 물이 끓어오르면 라면스프, 면을 넣고 80% 정도 삶아 면을 건져낸다.", "6. 달걀을 반 정도만 풀어 준비한다.", "7. 라면 육수에 갈아 둔 밤 소스를 넣어 섞어준다.", "8. 밤 소스가 골고루 섞이면 달걀을 넣고 저어준다.", "9. 참기름, 썰어 둔 대파를 1/2 양 정도 넣어 면 위에 부어준다.", "10. 고명용 대파를 올려 마무리한다."]',
     20,
     2,
     'DIFFICULTY_MEDIUM',
     'https://no-nangbie-20240912.s3.ap-northeast-2.amazonaws.com/boards/menu_3.png',
     0,
     NOW()  -- 현재 시각으로 설정
    );

INSERT IGNORE INTO menu (menu_id, menu_title, menu_description, menu_category, recipes, cooking_time, serving_size, difficulty, image_url, menu_like_count, created_at)
VALUES
    (4, '볶음우동',
     '양파와 채소를 볶아 만든 맛있는 볶음우동.',
     'MENU_CATEGORY_NOODLE',
     '["1. 양파, 당근은 채 썰고 대파, 쪽파는 송송 썰어 준비한다.", "2. 양배추는 1cm 정도 두께로 먹기 좋게 썬다.", "3. 훈연멸치는 내장을 제거하고 마른 팬에 볶아 믹서에 갈아준다.", "4. 팬에 기름, 대파를 넣고 열이 오르면 고기를 넣어 볶아준다.", "5. 고기가 노릇하게 익으면 양파, 당근, 양배추를 넣어 볶는다.", "6. 진간장, 황설탕, 식초, 물을 섞어 양념장을 만든다.", "7. 채소가 볶아지면 가운데에 면을 넣고 가장자리에 양념장을 둘러 중불에서 끓인다.", "8. 면이 풀어지면 불을 세게 켜고 볶아준다.", "9. 완성그릇에 볶음우동을 담고 마요네즈를 뿌려준다.", "10. 훈연멸치가루, 쪽파를 올려 마무리한다."]',
     30,  -- 예시로 30분
     2,   -- 예시로 2인분
     'DIFFICULTY_MEDIUM',
     'https://no-nangbie-20240912.s3.ap-northeast-2.amazonaws.com/boards/menu_4.png',
     0,
     NOW()  -- 현재 시각으로 설정
    );

INSERT IGNORE INTO menu (menu_id, menu_title, menu_description, menu_category, recipes, cooking_time, serving_size, difficulty, image_url, menu_like_count, created_at)
VALUES
    (5, '김치볶음밥',
     '김치와 밥을 함께 볶아 만든 간단하고 맛있는 한 끼 요리.',
     'MENU_CATEGORY_RICE',
     '["1. 김치는 먹기 좋은 크기로 잘라둔다.", "2. 베이컨은 작은 크기로 썰어 준비한다.", "3. 팬에 식용유를 두르고 베이컨을 먼저 볶아준다.", "4. 베이컨이 익으면 김치를 넣고 함께 볶는다.", "5. 밥을 넣고 골고루 섞어가며 볶는다.", "6. 간을 맞추기 위해 소금을 약간 넣는다.", "7. 마지막으로 참기름을 넣고 완성한다."]',
     20,
     2,
     'DIFFICULTY_MEDIUM',
     'https://no-nangbie-20240912.s3.ap-northeast-2.amazonaws.com/boards/menu_5.png',
     0,
     NOW()
    );

INSERT IGNORE INTO menu (menu_id, menu_title, menu_description, menu_category, recipes, cooking_time, serving_size, difficulty, image_url, menu_like_count, created_at)
VALUES
    (6, '감자조림',
     '달콤하고 짭조름한 감자조림으로, 밑반찬으로 적합합니다.',
     'MENU_CATEGORY_SIDE',
     '["1. 감자는 껍질을 벗기고 먹기 좋게 썬다.", "2. 물을 끓이고 감자를 살짝 익힌다.", "3. 팬에 간장, 설탕, 물을 넣고 졸이다가 감자를 넣고 간이 배도록 졸인다.", "4. 마지막에 참기름과 통깨를 뿌려 마무리한다."]',
     30, 4, 'DIFFICULTY_EASY', 'https://no-nangbie-20240912.s3.ap-northeast-2.amazonaws.com/boards/menu_6.png', 0, NOW());

INSERT IGNORE INTO menu (menu_id, menu_title, menu_description, menu_category, recipes, cooking_time, serving_size, difficulty, image_url, menu_like_count, created_at)
VALUES
    (7, '미역국',
     '소고기 없이 간단하게 만든 미역국입니다.',
     'MENU_CATEGORY_SOUP',
     '["1. 미역을 물에 불린 후 적당한 크기로 자른다.", "2. 냄비에 참기름을 두르고 미역을 볶아준다.", "3. 물을 붓고 끓인다.", "4. 국간장으로 간을 맞추고 중불로 10분간 끓인다.", "5. 마지막으로 소금으로 간을 맞춘다."]',
     40, 4, 'DIFFICULTY_EASY', 'https://no-nangbie-20240912.s3.ap-northeast-2.amazonaws.com/boards/menu_7.png', 0, NOW());

INSERT IGNORE INTO menu (menu_id, menu_title, menu_description, menu_category, recipes, cooking_time, serving_size, difficulty, image_url, menu_like_count, created_at)
VALUES
    (8, '양송이 크림 스프',
     '고소하고 부드러운 양송이 크림 스프입니다.',
     'MENU_CATEGORY_DESSERT',
     '["1. 양송이를 얇게 썰어 준비한다.", "2. 냄비에 버터를 녹이고 양송이를 볶는다.", "3. 밀가루를 넣고 약불에서 섞어가며 볶는다.", "4. 생크림과 물을 넣고 끓인 후 소금, 후추로 간을 맞춘다.", "5. 마지막에 파슬리를 뿌려 완성한다."]',
     25, 2, 'DIFFICULTY_MEDIUM', 'https://no-nangbie-20240912.s3.ap-northeast-2.amazonaws.com/boards/menu_8.png', 0, NOW());

INSERT IGNORE INTO menu (menu_id, menu_title, menu_description, menu_category, recipes, cooking_time, serving_size, difficulty, image_url, menu_like_count, created_at)
VALUES
    (9, '제육볶음',
     '매콤하고 달콤한 제육볶음입니다.',
     'MENU_CATEGORY_RICE',
     '["1. 돼지고기는 얇게 썰어 준비한다.", "2. 고추장, 간장, 설탕으로 양념장을 만든다.", "3. 팬에 돼지고기를 볶고, 양념장을 넣어 간이 배도록 볶는다.", "4. 마지막에 참기름을 넣고 마무리한다."]',
     30, 3, 'DIFFICULTY_MEDIUM', 'https://no-nangbie-20240912.s3.ap-northeast-2.amazonaws.com/boards/menu_9.png', 0, NOW());

INSERT IGNORE INTO menu (menu_id, menu_title, menu_description, menu_category, recipes, cooking_time, serving_size, difficulty, image_url, menu_like_count, created_at)
VALUES
    (10, '삼계탕',
     '영양가 있는 전통 한국식 삼계탕.',
     'MENU_CATEGORY_SOUP',
     '["1. 닭을 손질하고 배에 찹쌀을 넣어준다.", "2. 물에 닭을 넣고 푹 끓인다.", "3. 대추, 마늘, 생강을 넣어 함께 끓인다.", "4. 소금으로 간을 맞추고 마지막으로 참기름을 넣어 완성한다."]',
     120, 4, 'DIFFICULTY_HARD', 'https://no-nangbie-20240912.s3.ap-northeast-2.amazonaws.com/boards/menu_10.png', 0, NOW());

INSERT IGNORE INTO menu (menu_id, menu_title, menu_description, menu_category, recipes, cooking_time, serving_size, difficulty, image_url, menu_like_count, created_at)
VALUES
    (11, '닭갈비',
     '매콤한 양념과 함께 볶아낸 닭갈비입니다.',
     'MENU_CATEGORY_NOODLE',
     '["1. 닭고기는 먹기 좋은 크기로 썬다.", "2. 닭갈비 양념을 만든다.", "3. 팬에 식용유를 두르고 닭고기를 볶는다.", "4. 양념을 넣고 중불에서 잘 섞어가며 볶아준다.", "5. 마지막에 참기름을 넣어 완성한다."]',
     40, 4, 'DIFFICULTY_MEDIUM', 'https://no-nangbie-20240912.s3.ap-northeast-2.amazonaws.com/boards/menu_11.png', 0, NOW());

INSERT IGNORE INTO menu (menu_id, menu_title, menu_description, menu_category, recipes, cooking_time, serving_size, difficulty, image_url, menu_like_count, created_at)
VALUES
    (12, '김치찜',
     '매콤한 김치를 푹 끓인 김치찜입니다.',
     'MENU_CATEGORY_SOUP',
     '["1. 김치를 큰 덩어리로 썬다.", "2. 돼지고기는 두꺼운 덩어리로 준비한다.", "3. 냄비에 김치와 돼지고기를 켜켜이 쌓고, 물을 부어 푹 끓인다.", "4. 끓기 시작하면 고춧가루와 다진 마늘을 넣고, 중약불에서 푹 끓여준다.", "5. 마지막으로 참기름을 넣어 마무리한다."]',
     60, 4, 'DIFFICULTY_EASY', 'https://no-nangbie-20240912.s3.ap-northeast-2.amazonaws.com/boards/menu_12.png', 0, NOW());

INSERT IGNORE INTO menu (menu_id, menu_title, menu_description, menu_category, recipes, cooking_time, serving_size, difficulty, image_url, menu_like_count, created_at)
VALUES
    (13, '고구마 튀김',
     '바삭하고 달콤한 고구마 튀김입니다.',
     'MENU_CATEGORY_DESSERT',
     '["1. 고구마는 얇게 썰어 준비한다.", "2. 밀가루와 물로 튀김 반죽을 만든다.", "3. 고구마를 반죽에 적셔 튀긴다.", "4. 노릇해질 때까지 튀겨 완성한다."]',
     30, 3, 'DIFFICULTY_MEDIUM', 'https://no-nangbie-20240912.s3.ap-northeast-2.amazonaws.com/boards/menu_13.png', 0, NOW());

INSERT IGNORE INTO menu (menu_id, menu_title, menu_description, menu_category, recipes, cooking_time, serving_size, difficulty, image_url, menu_like_count, created_at)
VALUES
    (14, '크림 파스타',
     '부드러운 크림 소스와 함께하는 크림 파스타입니다.',
     'MENU_CATEGORY_WESTERN',
     '["1. 파스타 면을 삶아 준비한다.", "2. 팬에 버터를 녹이고 생크림을 넣어 끓인다.", "3. 삶은 파스타 면을 넣고 소스와 함께 버무린다.", "4. 소금과 후추로 간을 맞추고 마지막에 파슬리를 뿌려 완성한다."]',
     25, 2, 'DIFFICULTY_MEDIUM', 'https://no-nangbie-20240912.s3.ap-northeast-2.amazonaws.com/boards/menu_14.png', 0, NOW());

INSERT IGNORE INTO menu (menu_id, menu_title, menu_description, menu_category, recipes, cooking_time, serving_size, difficulty, image_url, menu_like_count, created_at)
VALUES
    (15, '김치볶음면',
     '김치와 볶은 면을 함께 먹는 퓨전 요리입니다.',
     'MENU_CATEGORY_FUSION',
     '["1. 김치를 송송 썰어 준비한다.", "2. 면을 삶아 물기를 뺀다.", "3. 팬에 식용유를 두르고 김치를 볶다가 면을 넣고 볶아준다.", "4. 마지막에 소금을 넣어 간을 맞춘다."]',
     20, 2, 'DIFFICULTY_EASY', 'https://no-nangbie-20240912.s3.ap-northeast-2.amazonaws.com/boards/menu_15.png', 0, NOW());

INSERT IGNORE INTO menu (menu_id, menu_title, menu_description, menu_category, recipes, cooking_time, serving_size, difficulty, image_url, menu_like_count, created_at)
VALUES
    (16, '굴국밥',
     '신선한 굴로 만든 뜨끈한 굴국밥.',
     'MENU_CATEGORY_SOUP',
     '["1. 굴을 깨끗이 씻어 준비한다.", "2. 냄비에 물과 멸치, 다시마를 넣고 육수를 끓인다.", "3. 육수에 굴을 넣고 끓인다.", "4. 소금으로 간을 맞춘 후 완성한다."]',
     30, 2, 'DIFFICULTY_EASY', 'https://no-nangbie-20240912.s3.ap-northeast-2.amazonaws.com/boards/menu_16.png', 0, NOW());

INSERT IGNORE INTO menu (menu_id, menu_title, menu_description, menu_category, recipes, cooking_time, serving_size, difficulty, image_url, menu_like_count, created_at)
VALUES
    (17, '토마토 파스타',
     '상큼한 토마토로 만든 파스타.',
     'MENU_CATEGORY_WESTERN',
     '["1. 토마토를 껍질 벗겨 다진다.", "2. 팬에 올리브유를 두르고 토마토를 볶아준다.", "3. 삶은 파스타 면을 넣고 소금과 후추로 간을 맞춘다.", "4. 완성된 파스타에 파슬리를 뿌린다."]',
     20, 2, 'DIFFICULTY_EASY', 'https://no-nangbie-20240912.s3.ap-northeast-2.amazonaws.com/boards/menu_17.png', 0, NOW());

INSERT IGNORE INTO menu (menu_id, menu_title, menu_description, menu_category, recipes, cooking_time, serving_size, difficulty, image_url, menu_like_count, created_at)
VALUES
    (18, '두부조림',
     '간장 양념으로 조린 두부 요리.',
     'MENU_CATEGORY_SIDE',
     '["1. 두부를 도톰하게 썬다.", "2. 간장, 설탕, 물로 양념장을 만든다.", "3. 팬에 두부를 굽고 양념장을 넣어 졸인다.", "4. 참기름을 넣어 마무리한다."]',
     25, 4, 'DIFFICULTY_EASY', 'https://no-nangbie-20240912.s3.ap-northeast-2.amazonaws.com/boards/menu_18.png', 0, NOW());

INSERT IGNORE INTO menu (menu_id, menu_title, menu_description, menu_category, recipes, cooking_time, serving_size, difficulty, image_url, menu_like_count, created_at)
VALUES
    (19, '참치김치볶음밥',
     '참치와 김치가 어우러진 김치볶음밥.',
     'MENU_CATEGORY_RICE',
     '["1. 김치를 작게 썰어 준비한다.", "2. 참치를 기름을 빼고 준비한다.", "3. 팬에 참기름을 두르고 김치를 볶는다.", "4. 밥과 참치를 넣고 볶아준다.", "5. 소금으로 간을 맞추고 완성한다."]',
     20, 2, 'DIFFICULTY_EASY', 'https://no-nangbie-20240912.s3.ap-northeast-2.amazonaws.com/boards/menu_19.png', 0, NOW());

INSERT IGNORE INTO menu (menu_id, menu_title, menu_description, menu_category, recipes, cooking_time, serving_size, difficulty, image_url, menu_like_count, created_at)
VALUES
    (20, '호박죽',
     '달콤하고 부드러운 호박죽.',
     'MENU_CATEGORY_RICE',
     '["1. 호박을 잘게 썰어 물에 푹 삶는다.", "2. 삶은 호박을 체에 걸러 곱게 만든다.", "3. 물과 쌀가루를 넣어 끓이며 저어준다.", "4. 소금을 넣어 간을 맞춘 후 완성한다."]',
     40, 3, 'DIFFICULTY_MEDIUM', 'https://no-nangbie-20240912.s3.ap-northeast-2.amazonaws.com/boards/menu_20.png', 0, NOW());

INSERT IGNORE INTO menu (menu_id, menu_title, menu_description, menu_category, recipes, cooking_time, serving_size, difficulty, image_url, menu_like_count, created_at)
VALUES
    (21, '오징어볶음',
     '매콤하고 맛있는 오징어볶음.',
     'MENU_CATEGORY_SIDE',
     '["1. 오징어를 깨끗이 손질한 후 먹기 좋게 썬다.", "2. 팬에 기름을 두르고 양파와 오징어를 볶는다.", "3. 고추장과 고춧가루를 넣고 양념이 고루 배도록 볶아준다.", "4. 마지막으로 참기름을 넣어 마무리한다."]',
     25, 4, 'DIFFICULTY_MEDIUM', 'https://no-nangbie-20240912.s3.ap-northeast-2.amazonaws.com/boards/menu_21.png', 0, NOW());

INSERT IGNORE INTO menu (menu_id, menu_title, menu_description, menu_category, recipes, cooking_time, serving_size, difficulty, image_url, menu_like_count, created_at)
VALUES
    (22, '소고기 미역국',
     '소고기를 넣어 진한 맛을 낸 미역국.',
     'MENU_CATEGORY_SOUP',
     '["1. 미역을 물에 불려 적당한 크기로 자른다.", "2. 소고기를 볶다가 미역을 넣어 볶아준다.", "3. 물을 붓고 끓인 후 소금과 간장으로 간을 맞춘다."]',
     60, 4, 'DIFFICULTY_MEDIUM', 'https://no-nangbie-20240912.s3.ap-northeast-2.amazonaws.com/boards/menu_22.png', 0, NOW());

INSERT IGNORE INTO menu (menu_id, menu_title, menu_description, menu_category, recipes, cooking_time, serving_size, difficulty, image_url, menu_like_count, created_at)
VALUES
    (23, '된장찌개',
     '구수한 맛의 된장찌개.',
     'MENU_CATEGORY_SOUP',
     '["1. 된장을 물에 풀어 준비한다.", "2. 채소와 고기를 넣어 끓인다.", "3. 소금으로 간을 맞추고 마지막에 고춧가루를 뿌린다."]',
     30, 4, 'DIFFICULTY_EASY', 'https://no-nangbie-20240912.s3.ap-northeast-2.amazonaws.com/boards/menu_23.png', 0, NOW());
INSERT IGNORE INTO menu (menu_id, menu_title, menu_description, menu_category, recipes, cooking_time, serving_size, difficulty, image_url, menu_like_count, created_at)
VALUES
    (24, '김치전',
     '잘 익은 김치로 만든 바삭하고 맛있는 전.',
     'MENU_CATEGORY_SIDE',
     '["1. 김치를 잘게 썰어 준비한다.", "2. 밀가루와 물을 섞어 반죽을 만든다.", "3. 김치를 반죽에 넣고 섞는다.", "4. 팬에 기름을 두르고 반죽을 한 국자씩 올려 노릇하게 부친다."]',
     20, 4, 'DIFFICULTY_EASY', 'https://example.com/menu_24.png', 0, NOW());
INSERT IGNORE INTO menu (menu_id, menu_title, menu_description, menu_category, recipes, cooking_time, serving_size, difficulty, image_url, menu_like_count, created_at)
VALUES
    (25, '콩나물국',
     '시원하고 개운한 콩나물국.',
     'MENU_CATEGORY_SOUP',
     '["1. 냄비에 물과 멸치를 넣고 육수를 끓인다.", "2. 콩나물을 넣고 끓인다.", "3. 다진 마늘과 소금을 넣어 간을 맞춘다.", "4. 대파를 송송 썰어 넣어 완성한다."]',
     25, 4, 'DIFFICULTY_EASY', 'https://example.com/menu_25.png', 0, NOW());
INSERT IGNORE INTO menu (menu_id, menu_title, menu_description, menu_category, recipes, cooking_time, serving_size, difficulty, image_url, menu_like_count, created_at)
VALUES
    (26, '잡채',
     '당면과 다양한 채소를 볶아 만든 잡채.',
     'MENU_CATEGORY_SIDE',
     '["1. 당면을 삶아 찬물에 헹군다.", "2. 채소와 고기를 볶는다.", "3. 당면과 볶은 재료를 섞고 양념으로 간을 맞춘다.", "4. 참기름을 넣어 마무리한다."]',
     40, 4, 'DIFFICULTY_MEDIUM', 'https://example.com/menu_26.png', 0, NOW());
INSERT IGNORE INTO menu (menu_id, menu_title, menu_description, menu_category, recipes, cooking_time, serving_size, difficulty, image_url, menu_like_count, created_at)
VALUES
    (27, '카레라이스',
     '향긋한 카레와 밥을 함께 먹는 카레라이스.',
     'MENU_CATEGORY_RICE',
     '["1. 양파, 감자, 당근을 썰어 준비한다.", "2. 팬에 기름을 두르고 재료를 볶는다.", "3. 물을 붓고 끓인다.", "4. 카레가루를 넣어 풀고 끓인다.", "5. 밥과 함께 담아낸다."]',
     30, 4, 'DIFFICULTY_EASY', 'https://example.com/menu_27.png', 0, NOW());
INSERT IGNORE INTO menu (menu_id, menu_title, menu_description, menu_category, recipes, cooking_time, serving_size, difficulty, image_url, menu_like_count, created_at)
VALUES
    (28, '계란말이',
     '부드럽고 촉촉한 계란말이.',
     'MENU_CATEGORY_SIDE',
     '["1. 달걀을 풀어 소금으로 간을 맞춘다.", "2. 팬에 기름을 두르고 얇게 부친다.", "3. 부친 달걀을 말아가며 익힌다.", "4. 먹기 좋은 크기로 썰어낸다."]',
     15, 3, 'DIFFICULTY_EASY', 'https://example.com/menu_28.png', 0, NOW());
INSERT IGNORE INTO menu (menu_id, menu_title, menu_description, menu_category, recipes, cooking_time, serving_size, difficulty, image_url, menu_like_count, created_at)
VALUES
    (29, '비빔밥',
     '다양한 나물과 고기를 밥 위에 올려 고추장과 함께 비벼먹는 한국 전통 음식입니다.',
     'MENU_CATEGORY_RICE',
     '["1. 각종 나물과 야채를 손질하여 볶아둔다.", "2. 밥을 그릇에 담고 나물과 볶은 고기를 올린다.", "3. 고추장과 참기름을 넣고 비벼먹는다."]',
     30, 2, 'DIFFICULTY_MEDIUM', 'https://example.com/menu_29.png', 0, NOW());
INSERT IGNORE INTO menu (menu_id, menu_title, menu_description, menu_category, recipes, cooking_time, serving_size, difficulty, image_url, menu_like_count, created_at)
VALUES
    (30, '불고기',
     '얇게 썬 소고기를 양념에 재워 구워낸 한국의 대표 요리입니다.',
     'MENU_CATEGORY_RICE',
     '["1. 소고기를 얇게 썰어 양념장에 재운다.", "2. 팬에 고기를 구워 익힌다.", "3. 밥과 함께 내어 먹는다."]',
     40, 3, 'DIFFICULTY_MEDIUM', 'https://example.com/menu_30.png', 0, NOW());
INSERT IGNORE INTO menu (menu_id, menu_title, menu_description, menu_category, recipes, cooking_time, serving_size, difficulty, image_url, menu_like_count, created_at)
VALUES
    (31, '김밥',
     '밥과 다양한 재료를 김에 말아 만든 한국의 대표적인 간편식입니다.',
     'MENU_CATEGORY_RICE',
     '["1. 밥에 참기름과 소금을 넣어 섞는다.", "2. 김 위에 밥을 얇게 펴고 재료를 올린다.", "3. 돌돌 말아 먹기 좋은 크기로 썬다."]',
     50, 4, 'DIFFICULTY_MEDIUM', 'https://example.com/menu_31.png', 0, NOW());
INSERT IGNORE INTO menu (menu_id, menu_title, menu_description, menu_category, recipes, cooking_time, serving_size, difficulty, image_url, menu_like_count, created_at)
VALUES
    (32, '쌀국수',
     '진한 육수에 쌀국수 면과 고기를 넣어 먹는 베트남 대표 음식입니다.',
     'MENU_CATEGORY_NOODLE',
     '["1. 육수를 끓여 준비한다.", "2. 쌀국수 면을 삶아 둔다.", "3. 그릇에 면과 고기, 채소를 담고 육수를 부어낸다."]',
     60, 2, 'DIFFICULTY_HARD', 'https://example.com/menu_32.png', 0, NOW());
INSERT IGNORE INTO menu (menu_id, menu_title, menu_description, menu_category, recipes, cooking_time, serving_size, difficulty, image_url, menu_like_count, created_at)
VALUES
    (33, '팟타이',
     '쌀국수 면과 새우, 두부 등을 볶아 만든 태국의 대표적인 볶음면 요리입니다.',
     'MENU_CATEGORY_NOODLE',
     '["1. 쌀국수 면을 불려둔다.", "2. 팬에 재료를 볶다가 면과 소스를 넣어 볶는다.", "3. 땅콩가루를 뿌려 완성한다."]',
     30, 2, 'DIFFICULTY_MEDIUM', 'https://example.com/menu_33.png', 0, NOW());
INSERT IGNORE INTO menu (menu_id, menu_title, menu_description, menu_category, recipes, cooking_time, serving_size, difficulty, image_url, menu_like_count, created_at)
VALUES
    (34, '카프레제 샐러드',
     '토마토와 모짜렐라 치즈, 바질을 이용한 이탈리아 샐러드입니다.',
     'MENU_CATEGORY_WESTERN',
     '["1. 토마토와 모짜렐라 치즈를 슬라이스한다.", "2. 접시에 번갈아 가며 올린다.", "3. 올리브유와 발사믹 소스를 뿌린다.", "4. 바질을 올려 완성한다."]',
     15, 2, 'DIFFICULTY_EASY', 'https://example.com/menu_34.png', 0, NOW());
INSERT IGNORE INTO menu (menu_id, menu_title, menu_description, menu_category, recipes, cooking_time, serving_size, difficulty, image_url, menu_like_count, created_at)
VALUES
    (35, '치킨 커리',
     '향신료를 넣어 만든 인도식 치킨 커리입니다.',
     'MENU_CATEGORY_RICE',
     '["1. 닭고기를 손질하여 볶는다.", "2. 양파와 토마토를 넣어 함께 볶는다.", "3. 커리 가루와 코코넛 밀크를 넣어 끓인다.", "4. 밥과 함께 제공한다."]',
     50, 3, 'DIFFICULTY_MEDIUM', 'https://example.com/menu_35.png', 0, NOW());
INSERT IGNORE INTO menu (menu_id, menu_title, menu_description, menu_category, recipes, cooking_time, serving_size, difficulty, image_url, menu_like_count, created_at)
VALUES
    (36, '해물파전',
     '각종 해산물과 파를 넣어 부친 전입니다.',
     'MENU_CATEGORY_SIDE',
     '["1. 해산물을 손질하여 준비한다.", "2. 부침가루와 물을 섞어 반죽을 만든다.", "3. 팬에 기름을 두르고 파와 해물을 올린다.", "4. 반죽을 부어 노릇하게 부친다."]',
     40, 4, 'DIFFICULTY_MEDIUM', 'https://example.com/menu_36.png', 0, NOW());
INSERT IGNORE INTO menu (menu_id, menu_title, menu_description, menu_category, recipes, cooking_time, serving_size, difficulty, image_url, menu_like_count, created_at)
VALUES
    (37, '된장국',
     '된장과 채소를 넣어 끓인 간단한 국입니다.',
     'MENU_CATEGORY_SOUP',
     '["1. 물에 된장을 풀어 끓인다.", "2. 채소를 넣어 익힌다.", "3. 소금으로 간을 맞추어 완성한다."]',
     25, 4, 'DIFFICULTY_EASY', 'https://example.com/menu_37.png', 0, NOW());
INSERT IGNORE INTO menu (menu_id, menu_title, menu_description, menu_category, recipes, cooking_time, serving_size, difficulty, image_url, menu_like_count, created_at)
VALUES
    (38, '김치찌개',
     '신 김치와 돼지고기를 넣어 끓인 얼큰한 찌개입니다.',
     'MENU_CATEGORY_SOUP',
     '["1. 냄비에 김치와 돼지고기를 넣고 볶는다.", "2. 물을 부어 끓인다.", "3. 두부와 파를 넣어 익힌다.", "4. 간을 맞추어 완성한다."]',
     40, 4, 'DIFFICULTY_EASY', 'https://example.com/menu_38.png', 0, NOW());
INSERT IGNORE INTO menu (menu_id, menu_title, menu_description, menu_category,
    recipes, cooking_time, serving_size, difficulty, image_url, menu_like_count, created_at)
VALUES
    (39, '떡국',
     '설날에 즐겨 먹는 한국의 전통 떡국입니다.',
     'MENU_CATEGORY_SOUP',
     '["1. 떡국떡을 찬물에 30분 정도 담가 불려둡니다.",
       "2. 소고기는 얇게 채 썰어 준비합니다.",
       "3. 대파는 어슷 썰고 달걀은 풀어 준비합니다.",
       "4. 냄비에 참기름을 두르고 소고기를 넣어 볶습니다.",
       "5. 소고기가 겉면이 익으면 물을 붓고 끓입니다.",
       "6. 끓어오르면 거품을 걷어내고 간장과 다진 마늘을 넣어 간을 합니다.",
       "7. 불린 떡국떡을 넣고 끓입니다.",
       "8. 떡이 떠오르면 풀어둔 달걀을 원을 그리며 부어줍니다.",
       "9. 달걀이 익으면 어슷 썬 대파를 넣고 소금, 후춧가루로 간을 맞춥니다.",
       "10. 그릇에 담고 김가루와 참깨를 뿌려 완성합니다."]',
     60, 4, 'DIFFICULTY_MEDIUM',
     'https://example.com/menu_39.png', 0, NOW());
INSERT IGNORE INTO menu (menu_id, menu_title, menu_description, menu_category,
    recipes, cooking_time, serving_size, difficulty, image_url, menu_like_count, created_at)
VALUES
    (40, '비빔냉면',
     '매콤달콤한 양념장에 쫄깃한 면을 비벼 먹는 비빔냉면입니다.',
     'MENU_CATEGORY_NOODLE',
     '["1. 냉면 육수를 냉동실에 넣어 살얼음이 생기도록 차갑게 식힙니다.",
       "2. 오이와 배는 얇게 채 썰어 준비합니다.",
       "3. 달걀은 삶아 반으로 자릅니다.",
       "4. 그릇에 고추장, 식초, 설탕, 다진 마늘, 참기름을 넣어 양념장을 만듭니다.",
       "5. 냄비에 물을 끓여 냉면을 삶은 후 찬물에 여러 번 헹궈 물기를 제거합니다.",
       "6. 그릇에 면을 담고 양념장을 넣어 고루 비빕니다.",
       "7. 그 위에 오이, 배, 삶은 달걀을 올립니다.",
       "8. 마지막으로 살얼음 낀 육수를 곁들여 완성합니다."]',
     30, 2, 'DIFFICULTY_EASY',
     'https://example.com/menu_40.png', 0, NOW());
INSERT IGNORE INTO menu (menu_id, menu_title, menu_description, menu_category,
    recipes, cooking_time, serving_size, difficulty, image_url, menu_like_count, created_at)
VALUES
    (41, '만두',
     '다양한 소를 넣어 빚은 한국의 전통 만두입니다.',
     'MENU_CATEGORY_ETC',
     '["1. 돼지고기 다짐육에 다진 양파, 대파, 다진 마늘을 넣고 섞습니다.",
       "2. 소금, 후추로 간을 하고 참기름을 넣어 반죽합니다.",
       "3. 만두피에 소를 한 스푼씩 올려 가장자리에 물을 바릅니다.",
       "4. 반으로 접어 가장자리를 꼬집어 만두를 빚습니다.",
       "5. 찜기에 물을 끓여 만두를 15분 정도 쪄줍니다.",
       "6. 간장, 식초, 고춧가루를 섞어 양념장을 만듭니다.",
       "7. 접시에 만두를 담고 양념장을 곁들여 완성합니다."]',
     50, 4, 'DIFFICULTY_MEDIUM',
     'https://example.com/menu_41.png', 0, NOW());
INSERT IGNORE INTO menu (menu_id, menu_title, menu_description, menu_category,
    recipes, cooking_time, serving_size, difficulty, image_url, menu_like_count, created_at)
VALUES
    (42, '파전',
     '길게 썬 파를 넣어 바삭하게 부쳐낸 파전입니다.',
     'MENU_CATEGORY_SIDE',
     '["1. 부침가루와 물을 섞어 반죽을 만듭니다.",
       "2. 파는 길게 썰어 준비합니다.",
       "3. 팬에 식용유를 넉넉히 두르고 파를 펼쳐 올립니다.",
       "4. 반죽을 골고루 부어줍니다.",
       "5. 중약불에서 노릇하게 익혀 뒤집어 반대쪽도 익힙니다.",
       "6. 간장, 식초, 고춧가루로 양념장을 만듭니다.",
       "7. 완성된 파전을 먹기 좋은 크기로 잘라 양념장과 함께 제공합니다."]',
     30, 3, 'DIFFICULTY_EASY',
     'https://example.com/menu_42.png', 0, NOW());
INSERT IGNORE INTO menu (menu_id, menu_title, menu_description, menu_category,
    recipes, cooking_time, serving_size, difficulty, image_url, menu_like_count, created_at)
VALUES
    (43, '짜장면',
     '춘장을 이용해 만든 달콤한 소스를 면과 함께 먹는 짜장면입니다.',
     'MENU_CATEGORY_NOODLE',
     '["1. 돼지고기는 작게 깍둑썰기하고 양파, 감자, 호박도 같은 크기로 썹니다.",
       "2. 팬에 기름을 두르고 춘장을 약불에서 볶아둡니다.",
       "3. 다른 팬에 기름을 두르고 돼지고기를 볶습니다.",
       "4. 고기가 익으면 야채를 넣고 함께 볶습니다.",
       "5. 볶아둔 춘장을 넣고 잘 섞습니다.",
       "6. 물을 붓고 끓인 후 전분물을 넣어 농도를 맞춥니다.",
       "7. 면을 삶아 그릇에 담고 소스를 부어 완성합니다."]',
     40, 2, 'DIFFICULTY_MEDIUM',
     'https://example.com/menu_43.png', 0, NOW());
INSERT IGNORE INTO menu (menu_id, menu_title, menu_description, menu_category,
    recipes, cooking_time, serving_size, difficulty, image_url, menu_like_count, created_at)
VALUES
    (44, '짬뽕',
     '매콤한 국물에 해산물과 야채를 넣어 끓인 중국식 면 요리입니다.',
     'MENU_CATEGORY_NOODLE',
     '["1. 오징어, 홍합, 새우 등 해산물을 손질합니다.",
       "2. 양파, 양배추, 당근을 채 썰어 준비합니다.",
       "3. 팬에 기름을 두르고 다진 마늘과 고춧가루를 넣어 볶아줍니다.",
       "4. 야채를 넣고 센 불에서 볶습니다.",
       "5. 해산물을 넣고 함께 볶습니다.",
       "6. 물이나 육수를 붓고 끓입니다.",
       "7. 소금, 간장으로 간을 맞춥니다.",
       "8. 면을 삶아 그릇에 담고 국물과 건더기를 부어 완성합니다."]',
     50, 2, 'DIFFICULTY_HARD',
     'https://example.com/menu_44.png', 0, NOW());
INSERT IGNORE INTO menu (menu_id, menu_title, menu_description, menu_category,
    recipes, cooking_time, serving_size, difficulty, image_url, menu_like_count, created_at)
VALUES
    (45, '갈비탕',
     '소갈비를 푹 고아 만든 진한 국물의 갈비탕입니다.',
     'MENU_CATEGORY_SOUP',
     '["1. 소갈비를 찬물에 담가 핏물을 제거합니다.",
       "2. 냄비에 갈비를 넣고 물을 부어 끓입니다.",
       "3. 끓어오르면 물을 버리고 갈비를 씻어줍니다.",
       "4. 다시 냄비에 갈비와 물, 무, 대파, 마늘을 넣고 끓입니다.",
       "5. 약한 불에서 2시간 정도 푹 고아줍니다.",
       "6. 소금과 후추로 간을 맞춥니다.",
       "7. 그릇에 담고 송송 썬 대파를 올려 완성합니다."]',
     150, 4, 'DIFFICULTY_HARD',
     'https://example.com/menu_45.png', 0, NOW());
INSERT IGNORE INTO menu (menu_id, menu_title, menu_description, menu_category,
    recipes, cooking_time, serving_size, difficulty, image_url, menu_like_count, created_at)
VALUES
    (46, '순두부찌개',
     '부드러운 순두부와 해산물을 넣어 끓인 얼큰한 찌개입니다.',
     'MENU_CATEGORY_SOUP',
     '["1. 냄비에 기름을 두르고 다진 마늘과 고춧가루를 볶아줍니다.",
       "2. 해산물(새우, 조개 등)을 넣고 볶습니다.",
       "3. 물을 붓고 끓입니다.",
       "4. 끓어오르면 순두부를 숟가락으로 떠 넣습니다.",
       "5. 소금으로 간을 맞추고 달걀을 깨 넣습니다.",
       "6. 송송 썬 대파를 넣어 완성합니다."]',
     30, 2, 'DIFFICULTY_EASY',
     'https://example.com/menu_46.png', 0, NOW());
INSERT IGNORE INTO menu (menu_id, menu_title, menu_description, menu_category,
    recipes, cooking_time, serving_size, difficulty, image_url, menu_like_count, created_at)
VALUES
    (47, '감자탕',
     '돼지등뼈와 감자를 넣어 푹 끓인 얼큰한 국물 요리입니다.',
     'MENU_CATEGORY_SOUP',
     '["1. 돼지등뼈를 찬물에 담가 핏물을 뺍니다.",
       "2. 등뼈를 끓는 물에 데쳐 불순물을 제거합니다.",
       "3. 냄비에 등뼈와 물을 넣고 끓입니다.",
       "4. 된장, 고춧가루, 다진 마늘을 넣어 간을 합니다.",
       "5. 감자와 우거지를 넣고 끓입니다.",
       "6. 약한 불에서 1시간 이상 끓여줍니다.",
       "7. 대파와 들깨가루를 넣어 완성합니다."]',
     120, 4, 'DIFFICULTY_HARD',
     'https://example.com/menu_47.png', 0, NOW());
INSERT IGNORE INTO menu (menu_id, menu_title, menu_description, menu_category,
    recipes, cooking_time, serving_size, difficulty, image_url, menu_like_count, created_at)
VALUES
    (48, '콩나물국밥',
     '시원한 콩나물 국물에 밥을 말아 먹는 콩나물국밥입니다.',
     'MENU_CATEGORY_SOUP',
     '["1. 냄비에 멸치와 다시마를 넣어 육수를 끓입니다.",
       "2. 육수가 끓으면 멸치와 다시마를 건져냅니다.",
       "3. 콩나물을 넣고 끓입니다.",
       "4. 다진 마늘과 소금으로 간을 합니다.",
       "5. 뚝배기에 밥을 담고 끓인 콩나물국을 부어줍니다.",
       "6. 달걀을 깨 넣고 송송 썬 대파를 올려 완성합니다."]',
     40, 2, 'DIFFICULTY_EASY',
     'https://example.com/menu_48.png', 0, NOW());
INSERT IGNORE INTO menu (menu_id, menu_title, menu_description, menu_category,
    recipes, cooking_time, serving_size, difficulty, image_url, menu_like_count, created_at)
VALUES
    (49, '오이냉국',
     '시원하고 상큼한 오이냉국입니다.',
     'MENU_CATEGORY_SIDE',
     '["1. 오이는 얇게 썰어 소금에 절입니다.",
       "2. 물에 식초, 설탕, 소금을 넣어 섞어 냉국 국물을 만듭니다.",
       "3. 절인 오이의 물기를 짜서 국물에 넣습니다.",
       "4. 얼음을 넣어 차갑게 제공합니다."]',
     15, 4, 'DIFFICULTY_EASY',
     'https://example.com/menu_49.png', 0, NOW());
INSERT IGNORE INTO menu (menu_id, menu_title, menu_description, menu_category,
    recipes, cooking_time, serving_size, difficulty, image_url, menu_like_count, created_at)
VALUES
    (50, '감자전',
     '강판에 간 감자로 부쳐낸 쫀득한 감자전입니다.',
     'MENU_CATEGORY_SIDE',
     '["1. 감자를 강판에 갈아 물기를 약간 제거합니다.",
       "2. 소금으로 간을 합니다.",
       "3. 팬에 기름을 두르고 감자 반죽을 얇게 펼쳐 부칩니다.",
       "4. 중약불에서 노릇하게 익혀 뒤집어 반대쪽도 익힙니다.",
       "5. 간장, 식초로 양념장을 만들어 곁들입니다."]',
     30, 2, 'DIFFICULTY_EASY',
     'https://example.com/menu_50.png', 0, NOW());
INSERT IGNORE INTO menu (menu_id, menu_title, menu_description, menu_category,
    recipes, cooking_time, serving_size, difficulty, image_url, menu_like_count, created_at)
VALUES
    (51, '비빔국수',
     '매콤달콤한 양념에 소면을 비벼 먹는 시원한 면 요리입니다.',
     'MENU_CATEGORY_NOODLE',
     '["1. 끓는 물에 소면을 넣고 4분 정도 삶아줍니다.",
       "2. 삶은 소면을 찬물에 여러 번 헹구어 전분기를 제거하고 체에 밭쳐 물기를 뺍니다.",
       "3. 오이와 당근은 깨끗이 씻어 가늘게 채 썰어 준비합니다.",
       "4. 볼에 고추장 2큰술, 설탕 1큰술, 식초 1큰술, 진간장 1큰술, 참기름 1큰술을 넣어 양념장을 만듭니다.",
       "5. 큰 볼에 소면과 양념장을 넣고 잘 버무려줍니다.",
       "6. 그릇에 비빈 국수를 담고 채 썬 오이와 당근을 예쁘게 올립니다.",
       "7. 달걀 프라이를 만들어 국수 위에 얹어줍니다.",
       "8. 마지막으로 참깨를 뿌려 완성합니다."]',
     20, 2, 'DIFFICULTY_EASY',
     'https://example.com/menu_51.png', 0, NOW());
INSERT IGNORE INTO menu (menu_id, menu_title, menu_description, menu_category,
    recipes, cooking_time, serving_size, difficulty, image_url, menu_like_count, created_at)
VALUES
    (52, '계란찜',
     '부드럽고 촉촉한 계란찜으로, 밥반찬으로 좋습니다.',
     'MENU_CATEGORY_SIDE',
     '["1. 볼에 달걀 4개를 깨고 소금 1작은술을 넣어 잘 풀어줍니다.",
       "2. 물 또는 육수 100ml를 달걀물에 넣고 섞어줍니다.",
       "3. 다진 대파를 넣어 향을 더해줍니다.",
       "4. 뚝배기나 깊은 그릇에 달걀물을 담습니다.",
       "5. 냄비에 물을 끓이고 달걀물을 담은 그릇을 넣어 중탕합니다.",
       "6. 약한 불에서 뚜껑을 덮고 10분 정도 익혀줍니다.",
       "7. 계란찜이 부풀어 오르면 불을 끄고 참기름을 한 방울 떨어뜨립니다.",
       "8. 송송 썬 대파나 참깨를 뿌려 완성합니다."]',
     15, 2, 'DIFFICULTY_EASY',
     'https://example.com/menu_52.png', 0, NOW());
INSERT IGNORE INTO menu (menu_id, menu_title, menu_description, menu_category,
    recipes, cooking_time, serving_size, difficulty, image_url, menu_like_count, created_at)
VALUES
    (53, '육개장',
     '매콤하고 얼큰한 한국의 전통 소고기 국물 요리입니다.',
     'MENU_CATEGORY_SOUP',
     '["1. 소고기는 찬물에 담가 30분 정도 핏물을 제거합니다.",
       "2. 냄비에 물 2L를 넣고 소고기를 넣어 중불에서 1시간 정도 삶아줍니다.",
       "3. 삶은 고기는 건져내어 결대로 잘게 찢어줍니다.",
       "4. 고사리와 숙주나물은 끓는 물에 데쳐 물기를 제거합니다.",
       "5. 볼에 고기, 고사리, 숙주나물을 넣고 고춧가루 2큰술, 다진 마늘 1큰술, 진간장 2큰술, 참기름 1큰술을 넣어 버무립니다.",
       "6. 소고기 육수에 양념한 재료를 넣고 중불에서 20분 정도 끓입니다.",
       "7. 대파를 길게 썰어 넣고 한소끔 더 끓입니다.",
       "8. 소금으로 간을 맞추어 완성합니다."]',
     90, 4, 'DIFFICULTY_MEDIUM',
     'https://example.com/menu_53.png', 0, NOW());
INSERT IGNORE INTO menu (menu_id, menu_title, menu_description, menu_category,
    recipes, cooking_time, serving_size, difficulty, image_url, menu_like_count, created_at)
VALUES
    (54, '닭볶음탕',
     '매콤하고 진한 양념의 닭볶음탕입니다.',
     'MENU_CATEGORY_SOUP',
     '["1. 닭고기는 깨끗이 손질하여 끓는 물에 5분 정도 데쳐 잡내를 제거합니다.",
       "2. 감자와 당근은 큼직하게 썰고, 양파는 굵게 채 썰어 준비합니다.",
       "3. 볼에 고추장 2큰술, 고춧가루 2큰술, 진간장 3큰술, 다진 마늘 1큰술, 설탕 1큰술을 넣어 양념장을 만듭니다.",
       "4. 냄비에 데친 닭고기와 양념장, 물 500ml를 넣고 강불에서 끓입니다.",
       "5. 끓어오르면 감자와 당근을 넣고 중불에서 20분 정도 익혀줍니다.",
       "6. 양파와 대파를 넣고 10분 정도 더 끓입니다.",
       "7. 소금으로 간을 맞추고 불을 끕니다.",
       "8. 그릇에 담아 완성합니다."]',
     60, 4, 'DIFFICULTY_MEDIUM',
     'https://example.com/menu_54.png', 0, NOW());
INSERT IGNORE INTO menu (menu_id, menu_title, menu_description, menu_category,
    recipes, cooking_time, serving_size, difficulty, image_url, menu_like_count, created_at)
VALUES
    (55, '김치볶음우동',
     '매콤한 김치와 쫄깃한 우동면을 볶아낸 요리입니다.',
     'MENU_CATEGORY_NOODLE',
     '["1. 우동면은 끓는 물에 1분 정도 데쳐 체에 밭쳐 물기를 뺍니다.",
       "2. 김치는 잘게 썰어 준비하고, 양파와 당근은 채 썰어줍니다.",
       "3. 대파는 어슷 썰어 준비합니다.",
       "4. 팬에 식용유 2큰술을 두르고 돼지고기를 중불에서 볶습니다.",
       "5. 고기가 익으면 양파, 당근, 김치를 넣고 5분 정도 더 볶아줍니다.",
       "6. 고추장 1큰술, 진간장 1큰술, 설탕 1작은술을 넣어 양념합니다.",
       "7. 우동면을 넣고 재료와 양념이 잘 섞이도록 강불에서 볶아줍니다.",
       "8. 마지막으로 대파를 넣고 1분 정도 더 볶아 완성합니다."]',
     25, 2, 'DIFFICULTY_EASY',
     'https://example.com/menu_55.png', 0, NOW());
INSERT IGNORE INTO menu (menu_id, menu_title, menu_description, menu_category,
    recipes, cooking_time, serving_size, difficulty, image_url, menu_like_count, created_at)
VALUES
    (56, '불고기 피자',
     '한국식 불고기와 신선한 야채를 올린 피자입니다.',
     'MENU_CATEGORY_WESTERN',
     '["1. 소고기를 얇게 썰어 불고기 양념에 재워 30분간 숙성시킵니다.",
       "2. 피자 도우에 토마토소스를 골고루 바릅니다.",
       "3. 양파와 피망은 얇게 채 썰어 준비합니다.",
       "4. 도우 위에 양념된 소고기와 야채를 올립니다.",
       "5. 모짜렐라 치즈를 듬뿍 올려줍니다.",
       "6. 예열된 오븐에서 200도로 15분간 구워줍니다.",
       "7. 치즈가 노릇하게 익으면 꺼내어 식힙니다.",
       "8. 먹기 좋은 크기로 잘라 완성합니다."]',
     40, 4, 'DIFFICULTY_MEDIUM',
     'https://example.com/menu_56.png', 0, NOW());
INSERT IGNORE INTO menu (menu_id, menu_title, menu_description, menu_category,
    recipes, cooking_time, serving_size, difficulty, image_url, menu_like_count, created_at)
VALUES
    (57, '스파게티 카르보나라',
     '크리미한 소스와 베이컨이 어우러진 이탈리아 대표 파스타입니다.',
     'MENU_CATEGORY_WESTERN',
     '["1. 끓는 물에 소금을 넣고 스파게티 면을 알단테로 삶아줍니다.",
       "2. 베이컨은 작게 썰어 팬에 노릇하게 볶아줍니다.",
       "3. 볼에 달걀 노른자 2개와 파마산 치즈를 갈아 넣고 섞어줍니다.",
       "4. 삶은 면을 베이컨이 있는 팬에 넣고 약한 불에서 섞어줍니다.",
       "5. 불을 끄고 달걀 소스를 넣어 빠르게 저어줍니다.",
       "6. 후춧가루와 소금으로 간을 맞춥니다.",
       "7. 접시에 담고 파마산 치즈를 추가로 뿌려 완성합니다."]',
     30, 2, 'DIFFICULTY_MEDIUM',
     'https://example.com/menu_57.png', 0, NOW());
INSERT IGNORE INTO menu (menu_id, menu_title, menu_description, menu_category,
    recipes, cooking_time, serving_size, difficulty, image_url, menu_like_count, created_at)
VALUES
    (58, '치킨 시저 샐러드',
     '그릴드 치킨과 신선한 로메인, 시저드레싱이 어우러진 샐러드입니다.',
     'MENU_CATEGORY_WESTERN',
     '["1. 닭가슴살에 소금, 후추로 간을 하고 팬에 구워 식힌 후 슬라이스합니다.",
       "2. 로메인 레터스는 깨끗이 씻어 물기를 제거합니다.",
       "3. 볼에 로메인, 치킨, 크루통을 넣고 시저드레싱을 뿌려 섞어줍니다.",
       "4. 접시에 담고 파마산 치즈를 갈아 뿌려줍니다.",
       "5. 후춧가루를 약간 뿌려 마무리합니다."]',
     20, 2, 'DIFFICULTY_EASY',
     'https://example.com/menu_58.png', 0, NOW());
INSERT IGNORE INTO menu (menu_id, menu_title, menu_description, menu_category,
    recipes, cooking_time, serving_size, difficulty, image_url, menu_like_count, created_at)
VALUES
    (59, '가지 파마산',
     '바삭하게 구운 가지와 치즈, 토마토소스를 겹겹이 쌓아 구운 요리입니다.',
     'MENU_CATEGORY_WESTERN',
     '["1. 가지는 얇게 썰어 소금을 뿌려 수분을 제거합니다.",
       "2. 밀가루, 달걀물, 빵가루를 준비하여 가지에 순서대로 묻힙니다.",
       "3. 팬에 기름을 두르고 가지를 노릇하게 튀겨냅니다.",
       "4. 오븐용 그릇에 토마토소스, 튀긴 가지, 모짜렐라 치즈를 층층이 올립니다.",
       "5. 파마산 치즈를 뿌리고 예열된 오븐에서 180도로 25분간 구워줍니다.",
       "6. 치즈가 녹고 노릇해지면 꺼내어 식힙니다.",
       "7. 먹기 좋은 크기로 잘라 접시에 담아 완성합니다."]',
     60, 4, 'DIFFICULTY_MEDIUM',
     'https://example.com/menu_59.png', 0, NOW());
INSERT IGNORE INTO menu (menu_id, menu_title, menu_description, menu_category,
    recipes, cooking_time, serving_size, difficulty, image_url, menu_like_count, created_at)
VALUES
    (60, '참치 샐러드 샌드위치',
     '고소한 참치 샐러드를 넣은 간단한 샌드위치입니다.',
     'MENU_CATEGORY_WESTERN',
     '["1. 참치캔의 기름을 제거하고 볼에 담습니다.",
       "2. 다진 양파와 마요네즈를 넣어 섞습니다.",
       "3. 소금과 후추로 간을 맞춥니다.",
       "4. 식빵에 참치 샐러드를 펴 바르고 상추를 올립니다.",
       "5. 다른 식빵으로 덮어 샌드위치를 만듭니다.",
       "6. 먹기 좋은 크기로 잘라 접시에 담아 완성합니다."]',
     15, 2, 'DIFFICULTY_EASY',
     'https://example.com/menu_60.png', 0, NOW());
INSERT IGNORE INTO menu (menu_id, menu_title, menu_description, menu_category,
    recipes, cooking_time, serving_size, difficulty, image_url, menu_like_count, created_at)
VALUES
    (61, '그릭 샐러드',
     '신선한 야채와 페타치즈, 올리브가 어우러진 지중해식 샐러드입니다.',
     'MENU_CATEGORY_WESTERN',
     '["1. 토마토와 오이는 한 입 크기로 썰어줍니다.",
       "2. 양파는 얇게 슬라이스하여 찬물에 담가 매운맛을 제거합니다.",
       "3. 볼에 야채와 칼라마타 올리브를 넣습니다.",
       "4. 올리브유, 레몬즙, 소금, 후추를 섞어 드레싱을 만듭니다.",
       "5. 야채에 드레싱을 뿌려 잘 섞어줍니다.",
       "6. 접시에 담고 페타치즈를 올려 완성합니다."]',
     20, 2, 'DIFFICULTY_EASY',
     'https://example.com/menu_61.png', 0, NOW());
INSERT IGNORE INTO menu (menu_id, menu_title, menu_description, menu_category,
    recipes, cooking_time, serving_size, difficulty, image_url, menu_like_count, created_at)
VALUES
    (62, '데리야끼 치킨',
     '달콤 짭짤한 데리야끼 소스로 맛을 낸 닭고기 요리입니다.',
     'MENU_CATEGORY_WESTERN',
     '["1. 닭다리살을 먹기 좋은 크기로 썰어줍니다.",
       "2. 팬에 기름을 두르고 닭고기를 노릇하게 볶아줍니다.",
       "3. 데리야끼 소스를 넣고 중불에서 졸여줍니다.",
       "4. 소스가 걸쭉해지면 불을 끄고 참깨를 뿌려줍니다.",
       "5. 밥 위에 데리야끼 치킨을 올리고 송송 썬 대파를 뿌려 완성합니다."]',
     30, 2, 'DIFFICULTY_EASY',
     'https://example.com/menu_62.png', 0, NOW());
INSERT IGNORE INTO menu (menu_id, menu_title, menu_description, menu_category,
    recipes, cooking_time, serving_size, difficulty, image_url, menu_like_count, created_at)
VALUES
    (63, '똠양꿍',
     '새우와 향신료로 맛을 낸 태국의 매콤한 수프입니다.',
     'MENU_CATEGORY_SOUP',
     '["1. 냄비에 물을 붓고 레몬그라스와 카피르 라임 잎을 넣어 끓입니다.",
       "2. 끓어오르면 버섯과 새우를 넣고 익혀줍니다.",
       "3. 피쉬소스와 라임즙, 다진 고추로 간을 맞춥니다.",
       "4. 마지막으로 고수 잎을 올려 완성합니다."]',
     40, 2, 'DIFFICULTY_HARD',
     'https://example.com/menu_63.png', 0, NOW());
INSERT IGNORE INTO menu (menu_id, menu_title, menu_description, menu_category,
    recipes, cooking_time, serving_size, difficulty, image_url, menu_like_count, created_at)
VALUES
    (64, '연어 스테이크',
     '신선한 연어를 구워 레몬 버터 소스를 곁들인 요리입니다.',
     'MENU_CATEGORY_WESTERN',
     '["1. 연어 필레에 소금과 후추로 간을 합니다.",
       "2. 팬에 올리브유를 두르고 연어를 앞뒤로 노릇하게 구워줍니다.",
       "3. 다른 팬에 버터를 녹이고 레몬즙을 넣어 소스를 만듭니다.",
       "4. 구운 연어에 레몬 버터 소스를 뿌려줍니다.",
       "5. 파슬리를 다져서 뿌려 완성합니다."]',
     25, 2, 'DIFFICULTY_MEDIUM',
     'https://example.com/menu_64.png', 0, NOW());
INSERT IGNORE INTO menu (menu_id, menu_title, menu_description, menu_category,
    recipes, cooking_time, serving_size, difficulty, image_url, menu_like_count, created_at)
VALUES
    (65, '라멘',
     '진한 육수에 면과 차슈, 반숙 달걀이 어우러진 일본식 면 요리입니다.',
     'MENU_CATEGORY_NOODLE',
     '["1. 뼈를 사용하여 진한 육수를 끓여 준비합니다.",
       "2. 라멘 면을 삶아 찬물에 헹궈 물기를 뺍니다.",
       "3. 그릇에 면을 담고 뜨거운 육수를 부어줍니다.",
       "4. 차슈, 반숙 달걀, 파, 김 등을 올려줍니다.",
       "5. 기호에 따라 간장을 추가하여 간을 맞춥니다."]',
     120, 2, 'DIFFICULTY_HARD',
     'https://example.com/menu_65.png', 0, NOW());
INSERT IGNORE INTO menu (menu_id, menu_title, menu_description, menu_category,
    recipes, cooking_time, serving_size, difficulty, image_url, menu_like_count, created_at)
VALUES
    (66, '냉메밀국수',
     '시원한 메밀면을 쯔유 소스에 찍어 먹는 일본식 면 요리입니다.',
     'MENU_CATEGORY_NOODLE',
     '["1. 메밀면을 삶아 찬물에 여러 번 헹궈 전분기를 제거합니다.",
       "2. 물기를 빼고 접시에 예쁘게 담아줍니다.",
       "3. 쯔유 소스를 희석하여 준비합니다.",
       "4. 와사비와 파를 곁들여 제공합니다.",
       "5. 면을 소스에 찍어 먹습니다."]',
     30, 2, 'DIFFICULTY_EASY',
     'https://example.com/menu_66.png', 0, NOW());
INSERT IGNORE INTO menu (menu_id, menu_title, menu_description, menu_category,
    recipes, cooking_time, serving_size, difficulty, image_url, menu_like_count, created_at)
VALUES
    (67, '샤브샤브',
     '얇게 썬 소고기와 야채를 육수에 살짝 데쳐 먹는 요리입니다.',
     'MENU_CATEGORY_ETC',
     '["1. 다양한 야채를 깨끗이 씻어 준비합니다.",
       "2. 샤브샤브용 소고기를 얇게 썰어 준비합니다.",
       "3. 냄비에 육수를 끓여줍니다.",
       "4. 끓는 육수에 야채와 고기를 살짝 데쳐 소스에 찍어 먹습니다.",
       "5. 마지막으로 면이나 죽을 끓여 마무리합니다."]',
     60, 4, 'DIFFICULTY_MEDIUM',
     'https://example.com/menu_67.png', 0, NOW());
INSERT IGNORE INTO menu (menu_id, menu_title, menu_description, menu_category,
    recipes, cooking_time, serving_size, difficulty, image_url, menu_like_count, created_at)
VALUES
    (68, '에그타르트',
     '달콤한 커스터드 크림을 넣어 구운 디저트입니다.',
     'MENU_CATEGORY_DESSERT',
     '["1. 타르트지를 준비하여 틀에 깔아줍니다.",
       "2. 볼에 달걀, 설탕, 우유, 바닐라 엑스트랙을 넣어 섞어줍니다.",
       "3. 타르트지에 커스터드 크림을 부어줍니다.",
       "4. 예열된 오븐에서 180도로 25분간 구워줍니다.",
       "5. 식혀서 틀에서 분리하고 접시에 담아 완성합니다."]',
     50, 4, 'DIFFICULTY_MEDIUM',
     'https://example.com/menu_68.png', 0, NOW());
INSERT IGNORE INTO menu (menu_id, menu_title, menu_description, menu_category,
    recipes, cooking_time, serving_size, difficulty, image_url, menu_like_count, created_at)
VALUES
    (69, '떡꼬치',
     '쫄깃한 떡을 꼬치에 끼워 매콤한 소스를 바른 간식입니다.',
     'MENU_CATEGORY_SNACK',
     '["1. 떡을 끓는 물에 살짝 데쳐 물기를 제거합니다.",
       "2. 꼬치에 떡을 끼워줍니다.",
       "3. 팬에 기름을 두르고 떡꼬치를 노릇하게 구워줍니다.",
       "4. 고추장, 케찹, 설탕, 물을 섞어 소스를 만듭니다.",
       "5. 구운 떡꼬치에 소스를 발라줍니다.",
       "6. 접시에 담아 완성합니다."]',
     20, 2, 'DIFFICULTY_EASY',
     'https://example.com/menu_69.png', 0, NOW());
INSERT IGNORE INTO menu (menu_id, menu_title, menu_description, menu_category,
    recipes, cooking_time, serving_size, difficulty, image_url, menu_like_count, created_at)
VALUES
    (70, '메추리알 장조림',
     '메추리알과 고기를 간장에 조린 밑반찬입니다.',
     'MENU_CATEGORY_SIDE',
     '["1. 메추리알은 삶아 껍질을 벗깁니다.",
       "2. 쇠고기는 물에 데쳐 불순물을 제거합니다.",
       "3. 냄비에 물, 진간장, 설탕, 마늘을 넣고 끓입니다.",
       "4. 고기와 메추리알을 넣고 중불에서 조려줍니다.",
       "5. 국물이 자작해지면 불을 끄고 식혀줍니다.",
       "6. 반찬 그릇에 담아 완성합니다."]',
     60, 4, 'DIFFICULTY_MEDIUM',
     'https://example.com/menu_70.png', 0, NOW());


-- Insert into food_menu table
INSERT IGNORE INTO food_menu (food_menu_id, food_quantity, food_id, menu_id) VALUES
                                                            (1, '800g', 20, 1), -- 떡 800g
                                                            (2, '160g', 9, 1),  -- 어묵 160g
                                                            (3, '160g', 6, 1),  -- 양배추 160g
                                                            (4, '240g', 1, 1),  -- 대파 240g
                                                            (5, '1L', 23, 1),   -- 물 1L
                                                            (6, '80g', 10, 1),  -- 달걀 80g
                                                            (7, '50g', 12, 1),  -- 고추장 50g
                                                            (8, '50g', 14, 1),  -- 진간장 50g
                                                            (9, '30g', 19, 1),  -- 고춧가루 30g
                                                            (10, '20g', 29, 1),  -- 황설탕 20g
                                                            (11, '50g', 17, 1),  -- MSG 50g
                                                            (12, '35g', 26, 2), -- 식용유 35g
                                                            (13, '150g', 8, 2), -- 돼지고기 150g
                                                            (14, '40g', 1, 2),  -- 대파 40g
                                                            (15, '15g', 18, 2), -- 간마늘 15g
                                                            (16, '10g', 14, 2), -- 진간장 10g
                                                            (17, '15g', 29, 2), -- 황설탕 15g
                                                            (18, '10g', 19, 2), -- 고춧가루 10g
                                                            (19, '15g', 13, 2), -- 된장 15g
                                                            (20, '60g', 12, 2), -- 고추장 60g
                                                            (21, '2g', 25, 2),  -- 소금 2g
                                                            (22, '3g', 17, 2),  -- MSG 3g
                                                            (23, '3g', 30, 2),  -- 후춧가루 3g
                                                            (24, '360g', 23, 2),-- 물 360g
                                                            (25, '50g', 24, 3),   -- 밤 50g
                                                            (26, '500g', 23, 3),  -- 물 500g
                                                            (27, '1개', 21, 3),   -- 라면 1개
                                                            (28, '80g', 16, 3),   -- 밤소스 80g
                                                            (29, '40g', 8, 3),    -- 돼지고기 40g
                                                            (30, '1개', 10, 3),   -- 달걀 1개
                                                            (31, '50g', 5, 3),    -- 양파 50g
                                                            (32, '20g', 1, 3),    -- 대파 20g
                                                            (33, '14g', 26, 3),   -- 식용유 14g
                                                            (34, '10g', 14, 3),   -- 진간장 10g
                                                            (35, '7g', 15, 3),    -- 참기름 7g
                                                            (36, '20g', 14, 4),   -- 진간장 20g
                                                            (37, '7g', 27, 4),    -- 식초 7g
                                                            (38, '10g', 29, 4),   -- 황설탕 10g
                                                            (39, '90g', 23, 4),   -- 물 90g
                                                            (40, '20g', 26, 4),   -- 식용유 20g
                                                            (41, '40g', 6, 4),    -- 양배추 40g
                                                            (42, '40g', 5, 4),    -- 양파 40g
                                                            (43, '20g', 2, 4),    -- 당근 20g
                                                            (44, '50g', 8, 4),    -- 돼지고기 50g
                                                            (45, '30g', 1, 4),    -- 대파 30g
                                                            (46, '200g', 28, 4),  -- 우동면 200g
                                                            (47, '적당량', 22, 4), -- 멸치가루 적당량
                                                            (48, '적당량', 3, 4),  -- 쪽파 적당량
                                                            (49, '적당량', 11, 4), -- 마요네즈 적당량
                                                            (50, '200g', 31, 5),  -- 김치 200g
                                                            (51, '300g', 32, 5),  -- 밥 300g
                                                            (52, '100g', 33, 5),  -- 베이컨 100g
                                                            (53, '15g', 26, 5),   -- 식용유 15g
                                                            (54, '5g', 25, 5),    -- 소금 5g
                                                            (55, '10g', 15, 5),   -- 참기름 10g
                                                            (56, '300g', 34, 6),  -- 감자 300g
                                                            (57, '30g', 14, 6),   -- 진간장 30g
                                                            (58, '10g', 29, 6),   -- 황설탕 10g
                                                            (59, '10g', 15, 6),   -- 참기름 10g
                                                            (60, '5g', 25, 6),    -- 소금 5g
                                                            (61, '200g', 15, 7),   -- 미역 200g
                                                            (62, '30g', 23, 7),   -- 참기름 30g
                                                            (63, '10g', 67, 7),   -- 국간장 10g
                                                            (64, '10g', 25, 7),   -- 소금 10g
                                                            (65, '200g', 68, 8),  -- 양송이버섯 200g
                                                            (66, '50g', 35, 8),   -- 버터 50g
                                                            (67, '30g', 36, 8),   -- 밀가루 30g
                                                            (68, '100ml', 41, 8), -- 생크림 100ml
                                                            (69, '5g', 37, 8),    -- 파슬리 5g
                                                            (70, '5g', 25, 8),    -- 소금 5g
                                                            (71, '5g', 30, 8),    -- 후추 5g
                                                            (72, '300g', 8, 9),   -- 돼지고기 300g
                                                            (73, '50g', 12, 9),   -- 고추장 50g
                                                            (74, '30g', 14, 9),   -- 진간장 30g
                                                            (75, '10g', 15, 9),   -- 참기름 10g
                                                            (76, '20g', 29, 9),   -- 황설탕 20g
                                                            (77, '1kg', 42, 10),   -- 닭 1kg
                                                            (78, '100g', 69, 10),   -- 대추 100g
                                                            (79, '30g', 193, 10),   -- 마늘 30g
                                                            (80, '10g', 18, 10),   -- 진간장 10g
                                                            (81, '500g', 42, 11),  -- 닭고기 500g
                                                            (82, '50g', 12, 11),   -- 고추장 50g
                                                            (83, '30g', 14, 11),   -- 진간장 30g
                                                            (84, '10g', 15, 11),   -- 참기름 10g
                                                            (85, '50g', 29, 11),   -- 황설탕 50g
                                                            (86, '500g', 43, 12),  -- 배추김치 500g
                                                            (87, '200g', 8, 12),   -- 돼지고기 200g
                                                            (88, '10g', 15, 12),   -- 참기름 10g
                                                            (89, '5g', 19, 12),    -- 고춧가루 5g
                                                            (90, '300g', 44, 13),  -- 고구마 300g
                                                            (91, '100g', 36, 13),  -- 밀가루 100g
                                                            (92, '500ml', 23, 13), -- 물 500ml
                                                            (93, '200g', 41, 14),  -- 생크림 200g
                                                            (94, '50g', 35, 14),   -- 버터 50g
                                                            (95, '10g', 25, 14),   -- 소금 10g
                                                            (96, '5g', 37, 14),    -- 파슬리 5g
                                                            (97, '200g', 43, 15),  -- 김치 200g
                                                            (98, '200g', 28, 15),  -- 우동면 200g
                                                            (99, '15g', 26, 15),   -- 식용유 15g
                                                            (100, '5g', 25, 15),   -- 소금 5g
                                                            (101, '200g', 52, 16),  -- 굴 200g
                                                            (102, '500ml', 23, 16), -- 물 500ml
                                                            (103, '5g', 25, 16),   -- 소금 5g
                                                            (104, '50g', 46, 16),  -- 다시마 50g
                                                            (105, '200g', 53, 17),  -- 토마토 200g
                                                            (106, '300g', 28, 17),  -- 파스타 면 300g
                                                            (107, '10g', 26, 17),   -- 올리브유 10g
                                                            (108, '5g', 25, 17),    -- 소금 5g
                                                            (109, '300g', 54, 18),  -- 두부 300g
                                                            (110, '50g', 14, 18),   -- 진간장 50g
                                                            (111, '20g', 29, 18),   -- 황설탕 20g
                                                            (112, '10g', 15, 18),   -- 참기름 10g
                                                            (113, '200g', 43, 19),  -- 김치 200g
                                                            (114, '150g', 57, 19),  -- 참치 150g
                                                            (115, '300g', 32, 19),  -- 밥 300g
                                                            (116, '10g', 15, 19),   -- 참기름 10g
                                                            (117, '500g', 65, 20),  -- 호박 500g
                                                            (118, '50g', 36, 20),   -- 쌀가루 50g
                                                            (119, '1L', 23, 20),    -- 물 1L
                                                            (120, '5g', 25, 20),    -- 소금 5g
                                                            (121, '300g', 58, 21),  -- 오징어 300g
                                                            (122, '50g', 14, 21),   -- 진간장 50g
                                                            (123, '30g', 12, 21),   -- 고추장 30g
                                                            (124, '10g', 15, 21),   -- 참기름 10g
                                                            (125, '300g', 56, 22),  -- 소고기 300g
                                                            (126, '50g', 12, 22),   -- 진간장 50g
                                                            (127, '30g', 46, 22),   -- 다시마 30g
                                                            (128, '5g', 25, 22),    -- 소금 5g
                                                            (129, '50g', 13, 23),   -- 된장 50g
                                                            (130, '300g', 56, 23),  -- 소고기 300g
                                                            (131, '100g', 54, 23),  -- 두부 100g
                                                            (132, '500ml', 23, 23), -- 물 500ml
                                                            (133, '200g', 31, 24),  -- 김치
                                                            (134, '100g', 36, 24),  -- 밀가루
                                                            (135, '100ml', 23, 24), -- 물
                                                            (136, '30ml', 26, 24),  -- 식용유
                                                            (137, '200g', 72, 25),  -- 콩나물
                                                            (138, '1L', 23, 25),    -- 물
                                                            (139, '10g', 18, 25),   -- 간마늘
                                                            (140, '5g', 25, 25),    -- 소금
                                                            (141, '30g', 1, 25),    -- 대파
                                                            (142, '200g', 95, 26),  -- 당면
                                                            (143, '100g', 8, 26),   -- 돼지고기
                                                            (144, '50g', 5, 26),    -- 양파
                                                            (145, '50g', 2, 26),    -- 당근
                                                            (146, '50g', 6, 26),    -- 양배추
                                                            (147, '30ml', 14, 26),  -- 진간장
                                                            (148, '15g', 29, 26),   -- 황설탕
                                                            (149, '10ml', 15, 26),  -- 참기름
                                                            (150, '30ml', 26, 26),  -- 식용유
                                                            (151, '200g', 8, 27),   -- 돼지고기
                                                            (152, '100g', 5, 27),   -- 양파
                                                            (153, '100g', 34, 27),  -- 감자
                                                            (154, '100g', 2, 27),   -- 당근
                                                            (155, '50g', 97, 27),   -- 카레가루
                                                            (156, '500ml', 23, 27), -- 물
                                                            (157, '600g', 32, 27),  -- 밥
                                                            (158, '5개', 10, 28),   -- 달걀
                                                            (159, '5g', 25, 28),    -- 소금
                                                            (160, '30ml', 26, 28),  -- 식용유
                                                            (161, '400g', 32, 29),    -- 밥 400g
                                                            (162, '50g', 4, 29),      -- 시금치 50g
                                                            (163, '50g', 2, 29),      -- 당근 50g
                                                            (164, '50g', 71, 29),     -- 부추 50g
                                                            (165, '100g', 126, 29),   -- 다진소고기 100g
                                                            (166, '30g', 12, 29),     -- 고추장 30g
                                                            (167, '10g', 15, 29),     -- 참기름 10g
                                                            (168, '300g', 56, 30),    -- 소고기 300g
                                                            (169, '30ml', 14, 30),    -- 진간장 30ml
                                                            (170, '15g', 29, 30),     -- 황설탕 15g
                                                            (171, '10g', 15, 30),     -- 참기름 10g
                                                            (172, '5g', 30, 30),      -- 후춧가루 5g
                                                            (173, '50g', 5, 30),      -- 양파 50g
                                                            (174, '5g', 18, 30),      -- 간마늘 5g
                                                            (175, '400g', 32, 31),    -- 밥 400g
                                                            (176, '5장', 137, 31),    -- 김 5장 (김이 없으면 추가 필요)
                                                            (177, '50g', 2, 31),      -- 당근 50g
                                                            (178, '50g', 83, 31),     -- 햄 50g
                                                            (179, '50g', 54, 31),     -- 두부 50g
                                                            (180, '5개', 10, 31),     -- 달걀 5개
                                                            (181, '10g', 15, 31),     -- 참기름 10g
                                                            (182, '5g', 25, 31),      -- 소금 5g
                                                            (183, '200g', 135, 32),   -- 쌀국수면 200g
                                                            (184, '1L', 23, 32),      -- 물 1L
                                                            (185, '200g', 56, 32),    -- 소고기 200g
                                                            (186, '50g', 1, 32),      -- 대파 50g
                                                            (187, '10g', 18, 32),     -- 간마늘 10g
                                                            (188, '10g', 132, 32),    -- 청주 10g
                                                            (189, '200g', 135, 33),   -- 쌀국수면 200g
                                                            (190, '100g', 50, 33),    -- 새우 100g
                                                            (191, '50g', 5, 33),      -- 양파 50g
                                                            (192, '30ml', 14, 33),    -- 진간장 30ml
                                                            (193, '20g', 121, 33),    -- 땅콩가루 20g (없으면 추가 필요)
                                                            (194, '30ml', 26, 33),    -- 식용유 30ml
                                                            (195, '100g', 53, 34),    -- 토마토 100g
                                                            (196, '100g', 89, 34),    -- 모짜렐라치즈 100g
                                                            (197, '10g', 138, 34),    -- 바질 10g (없으면 추가 필요)
                                                            (198, '20ml', 100, 34),   -- 올리브유 20ml
                                                            (199, '300g', 42, 35),    -- 닭고기 300g
                                                            (200, '100g', 5, 35),     -- 양파 100g
                                                            (201, '100g', 53, 35),    -- 토마토 100g
                                                            (202, '50g', 97, 35),     -- 카레가루 50g
                                                            (203, '200ml', 128, 35),  -- 코코넛밀크 200ml
                                                            (204, '500g', 32, 35),    -- 밥 500g
                                                            (205, '200g', 9, 36),     -- 어묵 200g
                                                            (206, '100g', 50, 36),    -- 새우 100g
                                                            (207, '100g', 58, 36),    -- 오징어 100g
                                                            (208, '100g', 1, 36),     -- 대파 100g
                                                            (209, '200g', 36, 36),    -- 밀가루 200g
                                                            (210, '200ml', 23, 36),   -- 물 200ml
                                                            (211, '50ml', 26, 36),    -- 식용유 50ml
                                                            (212, '1L', 23, 37),      -- 물 1L
                                                            (213, '50g', 13, 37),     -- 된장 50g
                                                            (214, '100g', 4, 37),     -- 시금치 100g
                                                            (215, '50g', 66, 37),     -- 미역 50g
                                                            (216, '5g', 25, 37),      -- 소금 5g
                                                            (217, '300g', 31, 38),    -- 김치 300g
                                                            (218, '200g', 8, 38),     -- 돼지고기 200g
                                                            (219, '500ml', 23, 38),   -- 물 500ml
                                                            (220, '100g', 54, 38),    -- 두부 100g
                                                            (221, '50g', 1, 38),      -- 대파 50g
                                                            (222, '10g', 19, 38),     -- 고춧가루 10g
                                                            (223, '200g', 96, 39),   -- 떡국떡
                                                            (224, '150g', 56, 39),   -- 소고기
                                                            (225, '1.5L', 23, 39),   -- 물
                                                            (226, '2큰술', 15, 39),  -- 참기름
                                                            (227, '2큰술', 14, 39),  -- 진간장
                                                            (228, '1큰술', 18, 39),  -- 간마늘
                                                            (229, '2개', 10, 39),    -- 달걀
                                                            (230, '50g', 1, 39),     -- 대파
                                                            (231, '약간', 25, 39),   -- 소금
                                                            (232, '약간', 137, 39),  -- 김
                                                            (233, '1큰술', 138, 39), -- 참깨
                                                            (234, '400g', 143, 40),   -- 냉면
                                                            (235, '200ml', 23, 40),   -- 물 (육수)
                                                            (236, '50g', 101, 40),    -- 오이
                                                            (237, '50g', 145, 40),    -- 배
                                                            (238, '2개', 10, 40),     -- 달걀
                                                            (239, '2큰술', 12, 40),   -- 고추장
                                                            (240, '1큰술', 27, 40),   -- 식초
                                                            (241, '1큰술', 139, 40),  -- 설탕
                                                            (242, '1작은술', 18, 40), -- 간마늘
                                                            (243, '1큰술', 15, 40),   -- 참기름
                                                            (244, '200g', 8, 41),     -- 돼지고기
                                                            (245, '50g', 5, 41),      -- 양파
                                                            (246, '30g', 1, 41),      -- 대파
                                                            (247, '1큰술', 18, 41),   -- 간마늘
                                                            (248, '약간', 25, 41),    -- 소금
                                                            (249, '약간', 30, 41),    -- 후춧가루
                                                            (250, '1큰술', 15, 41),   -- 참기름
                                                            (251, '30장', 149, 41),   -- 만두피
                                                            (252, '200g', 36, 42),    -- 밀가루
                                                            (253, '200ml', 23, 42),   -- 물
                                                            (254, '100g', 1, 42),     -- 대파
                                                            (255, '약간', 25, 42),    -- 소금
                                                            (256, '적당량', 26, 42),  -- 식용유
                                                            (257, '200g', 8, 43),     -- 돼지고기
                                                            (258, '100g', 5, 43),     -- 양파
                                                            (259, '100g', 34, 43),    -- 감자
                                                            (260, '100g', 79, 43),    -- 애호박
                                                            (261, '100g', 162, 43),   -- 춘장
                                                            (262, '200g', 98, 43),    -- 면
                                                            (263, '2큰술', 26, 43),   -- 식용유
                                                            (264, '1큰술', 164, 43),  -- 전분
                                                            (265, '1큰술', 139, 43),  -- 설탕
                                                            (266, '100g', 58, 44),    -- 오징어
                                                            (267, '100g', 159, 44),   -- 홍합
                                                            (268, '100g', 50, 44),    -- 새우
                                                            (269, '50g', 5, 44),      -- 양파
                                                            (270, '50g', 6, 44),      -- 양배추
                                                            (271, '50g', 2, 44),      -- 당근
                                                            (272, '1큰술', 18, 44),   -- 간마늘
                                                            (273, '1큰술', 19, 44),   -- 고춧가루
                                                            (274, '500ml', 23, 44),   -- 물
                                                            (275, '약간', 25, 44),    -- 소금
                                                            (276, '1큰술', 14, 44),   -- 진간장
                                                            (277, '200g', 98, 44),    -- 면
                                                            (278, '1kg', 153, 45),    -- 소갈비
                                                            (279, '2L', 23, 45),      -- 물
                                                            (280, '200g', 155, 45),   -- 무
                                                            (281, '50g', 1, 45),      -- 대파
                                                            (282, '10g', 18, 45),     -- 간마늘
                                                            (283, '약간', 25, 45),    -- 소금
                                                            (284, '약간', 30, 45),    -- 후춧가루
                                                            (285, '1팩', 54, 46),     -- 순두부
                                                            (286, '50g', 50, 46),     -- 새우
                                                            (287, '50g', 160, 46),    -- 바지락
                                                            (288, '1큰술', 18, 46),   -- 간마늘
                                                            (289, '1큰술', 19, 46),   -- 고춧가루
                                                            (290, '500ml', 23, 46),   -- 물
                                                            (291, '1개', 10, 46),     -- 달걀
                                                            (292, '약간', 25, 46),    -- 소금
                                                            (293, '30g', 1, 46),     -- 대파
                                                            (294, '1kg', 165, 47),    -- 돼지등뼈
                                                            (295, '2L', 23, 47),      -- 물
                                                            (296, '100g', 34, 47),    -- 감자
                                                            (297, '100g', 4, 47),     -- 시금치
                                                            (298, '2큰술', 13, 47),   -- 된장
                                                            (299, '1큰술', 19, 47),   -- 고춧가루
                                                            (300, '1큰술', 18, 47),   -- 간마늘
                                                            (301, '50g', 1, 47),      -- 대파
                                                            (302, '2큰술', 167, 47),   -- 들깨가루
                                                            (303, '200g', 72, 48),   -- 콩나물
                                                            (304, '1L', 23, 48),      -- 물
                                                            (305, '50g', 22, 48),     -- 멸치
                                                            (306, '30g', 46, 48),     -- 다시마
                                                            (307, '1큰술', 18, 48),   -- 간마늘
                                                            (308, '약간', 25, 48),    -- 소금
                                                            (309, '2공기', 32, 48),   -- 밥
                                                            (310, '2개', 10, 48),     -- 달걀
                                                            (311, '50g', 1, 48),      -- 대파
                                                            (312, '100g', 101, 49),   -- 오이
                                                            (313, '500ml', 23, 49),   -- 물
                                                            (314, '2큰술', 27, 49),   -- 식초
                                                            (315, '1큰술', 139, 49),  -- 설탕
                                                            (316, '약간', 25, 49),    -- 소금
                                                            (317, '적당량', 168, 49),  -- 얼음
                                                            (318, '300g', 34, 50),    -- 감자
                                                            (319, '약간', 25, 50),    -- 소금
                                                            (320, '적당량', 26, 50),  -- 식용유
                                                            (321, '200g', 189, 51),   -- 소면
                                                            (322, '50g', 101, 51),    -- 오이
                                                            (323, '30g', 2, 51),      -- 당근
                                                            (324, '2큰술', 12, 51),   -- 고추장
                                                            (325, '1큰술', 139, 51),  -- 설탕
                                                            (326, '1큰술', 27, 51),   -- 식초
                                                            (327, '1큰술', 14, 51),   -- 진간장
                                                            (328, '1큰술', 15, 51),   -- 참기름
                                                            (329, '1큰술', 138, 51),  -- 참깨
                                                            (330, '2개', 10, 51),     -- 달걀
                                                            (331, '4개', 10, 52),     -- 달걀
                                                            (332, '100ml', 23, 52),   -- 물
                                                            (333, '1작은술', 25, 52), -- 소금
                                                            (334, '10g', 1, 52),      -- 대파
                                                            (335, '1작은술', 15, 52), -- 참기름
                                                            (336, '1작은술', 138, 52),-- 참깨
                                                            (337, '500g', 56, 53),    -- 소고기
                                                            (338, '2L', 23, 53),      -- 물
                                                            (339, '100g', 190, 53),   -- 고사리
                                                            (340, '100g', 140, 53),   -- 숙주나물
                                                            (341, '2큰술', 19, 53),   -- 고춧가루
                                                            (342, '1큰술', 18, 53),   -- 간마늘
                                                            (343, '2큰술', 14, 53),   -- 진간장
                                                            (344, '1큰술', 15, 53),   -- 참기름
                                                            (345, '100g', 1, 53),     -- 대파
                                                            (346, '약간', 25, 53),    -- 소금
                                                            (347, '1kg', 42, 54),     -- 닭고기
                                                            (348, '200g', 34, 54),    -- 감자
                                                            (349, '100g', 2, 54),     -- 당근
                                                            (350, '100g', 5, 54),     -- 양파
                                                            (351, '2큰술', 12, 54),   -- 고추장
                                                            (352, '2큰술', 19, 54),   -- 고춧가루
                                                            (353, '3큰술', 14, 54),   -- 진간장
                                                            (354, '1큰술', 18, 54),   -- 간마늘
                                                            (355, '1큰술', 139, 54),  -- 설탕
                                                            (356, '50g', 1, 54),      -- 대파
                                                            (357, '500ml', 23, 54),   -- 물
                                                            (358, '약간', 25, 54),    -- 소금
                                                            (359, '400g', 28, 55),    -- 우동면
                                                            (360, '150g', 31, 55),    -- 김치
                                                            (361, '50g', 5, 55),      -- 양파
                                                            (362, '30g', 2, 55),      -- 당근
                                                            (363, '30g', 1, 55),      -- 대파
                                                            (364, '100g', 8, 55),     -- 돼지고기
                                                            (365, '1큰술', 12, 55),   -- 고추장
                                                            (366, '1큰술', 14, 55),   -- 진간장
                                                            (367, '1작은술', 139, 55),-- 설탕
                                                            (368, '2큰술', 26, 55),   -- 식용유
                                                            (369, '1개', 123, 56),        -- 피자도우
                                                            (370, '200g', 56, 56),        -- 소고기
                                                            (371, '2큰술', 49, 56),       -- 불고기소스
                                                            (372, '100g', 169, 56),       -- 토마토소스
                                                            (373, '100g', 89, 56),        -- 모짜렐라치즈
                                                            (374, '50g', 5, 56),          -- 양파
                                                            (375, '50g', 78, 56),         -- 피망
                                                            (376, '200g', 98, 57),        -- 스파게티면
                                                            (377, '100g', 33, 57),        -- 베이컨
                                                            (378, '2개', 10, 57),         -- 달걀
                                                            (379, '50g', 119, 57),        -- 파마산치즈
                                                            (380, '약간', 30, 57),        -- 후춧가루
                                                            (381, '200g', 81, 58),        -- 닭가슴살
                                                            (382, '100g', 110, 58),       -- 로메인 레터스
                                                            (383, '50g', 171, 58),        -- 크루통
                                                            (384, '50ml', 170, 58),       -- 시저드레싱
                                                            (385, '30g', 119, 58),        -- 파마산치즈
                                                            (386, '약간', 30, 58),        -- 후춧가루
                                                            (387, '2개', 77, 59),         -- 가지
                                                            (388, '100g', 36, 59),        -- 밀가루
                                                            (389, '2개', 10, 59),         -- 달걀
                                                            (390, '100g', 99, 59),        -- 빵가루
                                                            (391, '200g', 169, 59),       -- 토마토소스
                                                            (392, '100g', 89, 59),        -- 모짜렐라치즈
                                                            (393, '50g', 119, 59),        -- 파마산치즈
                                                            (394, '적당량', 26, 59),      -- 식용유
                                                            (395, '1캔', 57, 60),         -- 참치캔
                                                            (396, '2큰술', 11, 60),       -- 마요네즈
                                                            (397, '30g', 5, 60),          -- 양파
                                                            (398, '4장', 59, 60),         -- 식빵
                                                            (399, '2장', 109, 60),        -- 상추
                                                            (400, '약간', 25, 60),        -- 소금
                                                            (401, '약간', 30, 60),        -- 후춧가루
                                                            (402, '2개', 53, 61),         -- 토마토
                                                            (403, '1개', 101, 61),        -- 오이
                                                            (404, '50g', 5, 61),          -- 양파
                                                            (405, '50g', 172, 61),        -- 페타치즈
                                                            (406, '30g', 173, 61),        -- 칼라마타 올리브
                                                            (407, '2큰술', 100, 61),      -- 올리브유
                                                            (408, '1큰술', 103, 61),      -- 레몬즙
                                                            (409, '약간', 25, 61),        -- 소금
                                                            (410, '약간', 30, 61),        -- 후춧가루
                                                            (411, '300g', 177, 62),       -- 닭다리살
                                                            (412, '50ml', 92, 62),        -- 데리야끼소스
                                                            (413, '1큰술', 138, 62),      -- 참깨
                                                            (414, '2공기', 32, 62),       -- 밥
                                                            (415, '30g', 1, 62),          -- 대파
                                                            (416, '2큰술', 26, 62),       -- 식용유
                                                            (417, '200g', 50, 63),        -- 새우
                                                            (418, '100g', 80, 63),        -- 버섯
                                                            (419, '2줄기', 174, 63),      -- 레몬그라스
                                                            (420, '5장', 175, 63),        -- 카피르 라임 잎
                                                            (421, '1L', 23, 63),          -- 물
                                                            (422, '2큰술', 176, 63),      -- 피쉬소스
                                                            (423, '2큰술', 131, 63),      -- 라임즙
                                                            (424, '1큰술', 7, 63),        -- 청양고추
                                                            (425, '200g', 114, 64),      -- 연어 필레
                                                            (426, '2큰술', 100, 64),     -- 올리브유
                                                            (427, '30g', 35, 64),        -- 버터
                                                            (428, '1개', 103, 64),       -- 레몬
                                                            (429, '약간', 25, 64),       -- 소금
                                                            (430, '약간', 30, 64),       -- 후춧가루
                                                            (431, '10g', 37, 64),        -- 파슬리
                                                            (432, '1kg', 22, 65),        -- 멸치 (육수용)
                                                            (433, '100g', 46, 65),       -- 다시마 (육수용)
                                                            (434, '200g', 182, 65),      -- 라멘 면
                                                            (435, '100g', 183, 65),      -- 차슈
                                                            (436, '2개', 10, 65),        -- 달걀
                                                            (437, '50g', 1, 65),         -- 대파
                                                            (438, '2장', 137, 65),       -- 김
                                                            (439, '약간', 14, 65),       -- 진간장
                                                            (440, '200g', 184, 66),      -- 메밀면
                                                            (441, '100ml', 185, 66),     -- 쯔유 소스
                                                            (442, '1작은술', 186, 66),   -- 와사비
                                                            (443, '30g', 1, 66),         -- 대파
                                                            (444, '500g', 187, 67),      -- 샤브샤브용 소고기
                                                            (445, '100g', 6, 67),        -- 양배추
                                                            (446, '100g', 2, 67),        -- 당근
                                                            (447, '100g', 4, 67),        -- 시금치
                                                            (448, '1L', 23, 67),         -- 물 (육수)
                                                            (449, '200g', 148, 67),      -- 밀가루 면
                                                            (450, '약간', 14, 67),       -- 진간장 (소스)
                                                            (451, '10개', 191, 68),      -- 타르트지
                                                            (452, '4개', 10, 68),        -- 달걀
                                                            (453, '50g', 139, 68),       -- 설탕
                                                            (454, '200ml', 45, 68),      -- 우유
                                                            (455, '1작은술', 192, 68),   -- 바닐라 엑스트랙
                                                            (456, '200g', 20, 69),       -- 떡
                                                            (457, '2큰술', 26, 69),      -- 식용유
                                                            (458, '2큰술', 12, 69),      -- 고추장
                                                            (459, '2큰술', 93, 69),      -- 케첩
                                                            (460, '1큰술', 139, 69),     -- 설탕
                                                            (461, '2큰술', 23, 69),      -- 물
                                                            (462, '20개', 188, 70),      -- 메추리알
                                                            (463, '200g', 56, 70),       -- 소고기
                                                            (464, '500ml', 23, 70),      -- 물
                                                            (465, '100ml', 14, 70),      -- 진간장
                                                            (466, '2큰술', 139, 70),     -- 설탕
                                                            (467, '5쪽', 193, 70),       -- 마늘
                                                            (468, '약간', 25, 70);       -- 소금



