-- 채소 및 과일류 (VEGETABLES_FRUITS)
INSERT IGNORE INTO food (food_id, food_name, food_category) VALUES (1, '대파', 'VEGETABLES_FRUITS');
INSERT IGNORE INTO food (food_id, food_name, food_category) VALUES (2, '당근', 'VEGETABLES_FRUITS');
INSERT IGNORE INTO food (food_id, food_name, food_category) VALUES (3, '쪽파', 'VEGETABLES_FRUITS');
INSERT IGNORE INTO food (food_id, food_name, food_category) VALUES (4, '시금치', 'VEGETABLES_FRUITS');
INSERT IGNORE INTO food (food_id, food_name, food_category) VALUES (5, '양파', 'VEGETABLES_FRUITS');
INSERT IGNORE INTO food (food_id, food_name, food_category) VALUES (6, '양배추', 'VEGETABLES_FRUITS');
INSERT IGNORE INTO food (food_id, food_name, food_category) VALUES (7, '청양고추', 'VEGETABLES_FRUITS');

-- 육류 (MEAT)
INSERT IGNORE INTO food (food_id, food_name, food_category) VALUES (8, '돼지고기', 'MEAT');

-- 어류 및 해산물 (FISH_SEAFOOD)
INSERT IGNORE INTO food (food_id, food_name, food_category) VALUES (9, '어묵', 'FISH_SEAFOOD');

-- 달걀 및 유제품 (EGGS_DAIRY)
INSERT IGNORE INTO food (food_id, food_name, food_category) VALUES (10, '달걀', 'EGGS_DAIRY');
INSERT IGNORE INTO food (food_id, food_name, food_category) VALUES (11, '마요네즈', 'EGGS_DAIRY');

-- 소스류 (SAUCES)
INSERT IGNORE INTO food (food_id, food_name, food_category) VALUES (12, '고추장', 'SAUCES');
INSERT IGNORE INTO food (food_id, food_name, food_category) VALUES (13, '된장', 'SAUCES');
INSERT IGNORE INTO food (food_id, food_name, food_category) VALUES (14, '진간장', 'SAUCES');
INSERT IGNORE INTO food (food_id, food_name, food_category) VALUES (15, '참기름', 'SAUCES');
INSERT IGNORE INTO food (food_id, food_name, food_category) VALUES (16, '밤소스', 'SAUCES');

-- 기타 (OTHERS)
INSERT IGNORE INTO food (food_id, food_name, food_category) VALUES (17, 'MSG', 'OTHERS');
INSERT IGNORE INTO food (food_id, food_name, food_category) VALUES (18, '간마늘', 'OTHERS');
INSERT IGNORE INTO food (food_id, food_name, food_category) VALUES (19, '고춧가루', 'OTHERS');
INSERT IGNORE INTO food (food_id, food_name, food_category) VALUES (20, '떡', 'OTHERS');
INSERT IGNORE INTO food (food_id, food_name, food_category) VALUES (21, '라면', 'OTHERS');
INSERT IGNORE INTO food (food_id, food_name, food_category) VALUES (22, '멸치가루', 'OTHERS');
INSERT IGNORE INTO food (food_id, food_name, food_category) VALUES (23, '물', 'OTHERS');
INSERT IGNORE INTO food (food_id, food_name, food_category) VALUES (24, '밤', 'OTHERS');
INSERT IGNORE INTO food (food_id, food_name, food_category) VALUES (25, '소금', 'OTHERS');
INSERT IGNORE INTO food (food_id, food_name, food_category) VALUES (26, '식용유', 'OTHERS');
INSERT IGNORE INTO food (food_id, food_name, food_category) VALUES (27, '식초', 'OTHERS');
INSERT IGNORE INTO food (food_id, food_name, food_category) VALUES (28, '우동면', 'OTHERS');
INSERT IGNORE INTO food (food_id, food_name, food_category) VALUES (29, '황설탕', 'OTHERS');
INSERT IGNORE INTO food (food_id, food_name, food_category) VALUES (30, '후춧가루', 'OTHERS');

INSERT IGNORE INTO food (food_id, food_name, food_category) VALUES (31, '김치', 'VEGETABLES_FRUITS');
INSERT IGNORE INTO food (food_id, food_name, food_category) VALUES (32, '밥', 'OTHERS');
INSERT IGNORE INTO food (food_id, food_name, food_category) VALUES (33, '베이컨', 'MEAT');
INSERT IGNORE INTO food (food_id, food_name, food_category) VALUES (34, '감자', 'VEGETABLES_FRUITS');
INSERT IGNORE INTO food (food_id, food_name, food_category) VALUES (35, '버터', 'EGGS_DAIRY');
INSERT IGNORE INTO food (food_id, food_name, food_category) VALUES (36, '밀가루', 'OTHERS');
INSERT IGNORE INTO food (food_id, food_name, food_category) VALUES (37, '파슬리', 'OTHERS');
INSERT IGNORE INTO food (food_id, food_name, food_category) VALUES (38, '돼지갈비', 'MEAT');
INSERT IGNORE INTO food (food_id, food_name, food_category) VALUES (39, '무', 'VEGETABLES_FRUITS');
INSERT IGNORE INTO food (food_id, food_name, food_category) VALUES (40, '고등어', 'FISH_SEAFOOD');
INSERT IGNORE INTO food (food_id, food_name, food_category) VALUES (41, '생크림', 'EGGS_DAIRY');
INSERT IGNORE INTO food (food_id, food_name, food_category) VALUES (42, '닭고기', 'MEAT');
INSERT IGNORE INTO food (food_id, food_name, food_category) VALUES (43, '배추', 'VEGETABLES_FRUITS');
INSERT IGNORE INTO food (food_id, food_name, food_category) VALUES (44, '고구마', 'VEGETABLES_FRUITS');
INSERT IGNORE INTO food (food_id, food_name, food_category) VALUES (45, '우유', 'EGGS_DAIRY');
INSERT IGNORE INTO food (food_id, food_name, food_category) VALUES (46, '다시마', 'OTHERS');
INSERT IGNORE INTO food (food_id, food_name, food_category) VALUES (47, '김치소스', 'SAUCES');
INSERT IGNORE INTO food (food_id, food_name, food_category) VALUES (48, '미소된장', 'SAUCES');
INSERT IGNORE INTO food (food_id, food_name, food_category) VALUES (49, '불고기소스', 'SAUCES');
INSERT IGNORE INTO food (food_id, food_name, food_category) VALUES (50, '새우', 'FISH_SEAFOOD');
INSERT IGNORE INTO food (food_id, food_name, food_category) VALUES (51, '청경채', 'VEGETABLES_FRUITS');
INSERT IGNORE INTO food (food_id, food_name, food_category) VALUES (52, '굴', 'FISH_SEAFOOD');
INSERT IGNORE INTO food (food_id, food_name, food_category) VALUES (53, '토마토', 'VEGETABLES_FRUITS');
INSERT IGNORE INTO food (food_id, food_name, food_category) VALUES (54, '두부', 'VEGETABLES_FRUITS');
INSERT IGNORE INTO food (food_id, food_name, food_category) VALUES (55, '새우젓', 'OTHERS');
INSERT IGNORE INTO food (food_id, food_name, food_category) VALUES (56, '소고기', 'MEAT');
INSERT IGNORE INTO food (food_id, food_name, food_category) VALUES (57, '참치', 'FISH_SEAFOOD');
INSERT IGNORE INTO food (food_id, food_name, food_category) VALUES (58, '오징어', 'FISH_SEAFOOD');
INSERT IGNORE INTO food (food_id, food_name, food_category) VALUES (59, '식빵', 'OTHERS');
INSERT IGNORE INTO food (food_id, food_name, food_category) VALUES (60, '꿀', 'OTHERS');
INSERT IGNORE INTO food (food_id, food_name, food_category) VALUES (61, '파프리카', 'VEGETABLES_FRUITS');
INSERT IGNORE INTO food (food_id, food_name, food_category) VALUES (62, '베이킹파우더', 'OTHERS');
INSERT IGNORE INTO food (food_id, food_name, food_category) VALUES (63, '호두', 'OTHERS');
INSERT IGNORE INTO food (food_id, food_name, food_category) VALUES (64, '아몬드', 'OTHERS');



-- Insert a single menu item (떡볶이) into the menu table
-- menu 테이블에 데이터 삽입
INSERT IGNORE INTO menu (menu_id, menu_title, menu_description, menu_category, recipes, cooking_time, serving_size, difficulty, image_url, menu_like_count, created_at)
VALUES
    (1, '떡볶이',
     '매운 떡볶이로, 다양한 재료와 함께 조리된 인기 있는 한국의 길거리 음식.',
     'MENU_CATEGORY_SIDE',
     '["1. 대파는 어슷 썰거나 반으로 갈라 길게 썰어 준비한다.", "2. 양배추, 어묵은 먹기 좋은 크기로 썰어 준비한다.", "3. 냄비에 물, 진간장, 황설탕, 고추장, 굵은고춧가루, 고운고춧가루, 대파, 양배추를 넣어 끓인다.", "4. 떡볶이떡은 흐르는 물에 가볍게 세척한다.", "5. 육수가 끓으면 삶은달걀, 떡을 넣고 함께 끓여준다.", "6. 기호에 맞게 MSG를 넣는다.", "7. 떡을 넣고 육수가 끓어오르면 어묵을 넣어준다.", "8. 양념장이 걸쭉하게 졸아들 때까지 끓여 완성한다."]',
     40,
     2,
     'DIFFICULTY_MEDIUM',
     'https://no-nangbie-20240912.s3.ap-northeast-2.amazonaws.com/boards/menu_1.png',
     0,
     NOW()  -- 현재 시각으로 설정
     );

INSERT IGNORE INTO menu (menu_id, menu_title, menu_description, menu_category, recipes, cooking_time, serving_size, difficulty, image_url, menu_like_count, created_at)
VALUES
    (
        2, '중화 제육면',
        '중화 제육면은 돼지고기와 채소를 볶은 후 면과 함께 조리한 중화식 면 요리입니다.',
        'MENU_CATEGORY_NOODLE',
        '["1. 대파는 송송 썰어 준비한다.", "2. 프라이팬에 식용유를 두르고 대파를 넣어 파기름을 낸다.", "3. 파기름 향이 올라오면 돼지고기를 넣고 뭉치지 않게 풀어가며 볶는다.", "4. 고기 노릇하게 익으면 황설탕을 넣어 볶는다.", "5. 진간장을 넣어 향을 내준다.", "6. 된장, 고추장, 간마늘을 넣어 중약불에서 풀어가며 볶는다.", "7. 고춧가루를 넣어 가볍게 섞고 물, 후춧가루를 넣는다.", "8. 기호에 따라 미원을 넣고 농도나게 졸인다.", "9. 소금을 넣어 간을 맞춘다.", "10. 끓는 물에 칼국수면을 넣어 삶아낸다.", "11. 삶은 칼국수면은 찬물에 헹궈 준비한다.", "12. 헹궈 낸 면은 뜨거운 물에 토렴하여 준다.", "13. 프라이팬에 식용유를 두르고 달궈준다.", "14. 프라이팬에 달궈지면 양파, 대파를 넣고 그을려 지도록 볶는다.", "15. 애호박, 양배추를 넣어 볶아준다.", "16. 만들어 둔 중화제육소스를 넣고 중약불로 줄여 채소가 숨이 죽을 정도까지 볶아준다.", "17. 완성 그릇에 면을 담고 볶아 둔 중화제육소스를 끼얹어 완성한다."]',
        30, -- cooking_time (예: 30분)
        2,  -- serving_size (예: 2인분)
        'DIFFICULTY_MEDIUM',
        'https://no-nangbie-20240912.s3.ap-northeast-2.amazonaws.com/boards/menu_2.png',
        0,
        NOW()  -- 현재 시각으로 설정
    );

INSERT IGNORE INTO menu (menu_id, menu_title, menu_description, menu_category, recipes, cooking_time, serving_size, difficulty, image_url, menu_like_count, created_at)
VALUES
    (
     3, '밤라면',
     '밤 소스와 함께 만드는 고소한 라면.',
     'MENU_CATEGORY_NOODLE',
     '["1. 양파는 채 썰고 대파는 송송 썰어 준비한다.", "2. 냄비에 식용유, 양파, 간 돼지고기를 넣어 볶는다.", "3. 고기가 익으면 간장을 넣어 볶아주고 물을 넣어 끓인다.", "4. 믹서에 깐 밤, 물을 넣어 갈아준다.", "5. 라면 물이 끓어오르면 라면스프, 면을 넣고 80% 정도 삶아 면을 건져낸다.", "6. 달걀을 반 정도만 풀어 준비한다.", "7. 라면 육수에 갈아 둔 밤 소스를 넣어 섞어준다.", "8. 밤 소스가 골고루 섞이면 달걀을 넣고 저어준다.", "9. 참기름, 썰어 둔 대파를 1/2 양 정도 넣어 면 위에 부어준다.", "10. 고명용 대파를 올려 마무리한다."]',
     20,
     2,
     'DIFFICULTY_MEDIUM',
     'https://no-nangbie-20240912.s3.ap-northeast-2.amazonaws.com/boards/menu_3.png',
     0,
     NOW()  -- 현재 시각으로 설정
    );

INSERT IGNORE INTO menu (menu_id, menu_title, menu_description, menu_category, recipes, cooking_time, serving_size, difficulty, image_url, menu_like_count, created_at)
VALUES
    (4, '볶음우동',
     '양파와 채소를 볶아 만든 맛있는 볶음우동.',
     'MENU_CATEGORY_NOODLE',
     '["1. 양파, 당근은 채 썰고 대파, 쪽파는 송송 썰어 준비한다.", "2. 양배추는 1cm 정도 두께로 먹기 좋게 썬다.", "3. 훈연멸치는 내장을 제거하고 마른 팬에 볶아 믹서에 갈아준다.", "4. 팬에 기름, 대파를 넣고 열이 오르면 고기를 넣어 볶아준다.", "5. 고기가 노릇하게 익으면 양파, 당근, 양배추를 넣어 볶는다.", "6. 진간장, 황설탕, 식초, 물을 섞어 양념장을 만든다.", "7. 채소가 볶아지면 가운데에 면을 넣고 가장자리에 양념장을 둘러 중불에서 끓인다.", "8. 면이 풀어지면 불을 세게 켜고 볶아준다.", "9. 완성그릇에 볶음우동을 담고 마요네즈를 뿌려준다.", "10. 훈연멸치가루, 쪽파를 올려 마무리한다."]',
     30,  -- 예시로 30분
     2,   -- 예시로 2인분
     'DIFFICULTY_MEDIUM',
     'https://no-nangbie-20240912.s3.ap-northeast-2.amazonaws.com/boards/menu_4.png',
     0,
     NOW()  -- 현재 시각으로 설정
    );

INSERT IGNORE INTO menu (menu_id, menu_title, menu_description, menu_category, recipes, cooking_time, serving_size, difficulty, image_url, menu_like_count, created_at)
VALUES
    (5, '김치볶음밥',
     '김치와 밥을 함께 볶아 만든 간단하고 맛있는 한 끼 요리.',
     'MENU_CATEGORY_RICE',
     '["1. 김치는 먹기 좋은 크기로 잘라둔다.", "2. 베이컨은 작은 크기로 썰어 준비한다.", "3. 팬에 식용유를 두르고 베이컨을 먼저 볶아준다.", "4. 베이컨이 익으면 김치를 넣고 함께 볶는다.", "5. 밥을 넣고 골고루 섞어가며 볶는다.", "6. 간을 맞추기 위해 소금을 약간 넣는다.", "7. 마지막으로 참기름을 넣고 완성한다."]',
     20,
     2,
     'DIFFICULTY_MEDIUM',
     'https://no-nangbie-20240912.s3.ap-northeast-2.amazonaws.com/boards/menu_5.png',
     0,
     NOW()
    );

INSERT IGNORE INTO menu (menu_id, menu_title, menu_description, menu_category, recipes, cooking_time, serving_size, difficulty, image_url, menu_like_count, created_at)
VALUES
    (6, '감자조림',
     '달콤하고 짭조름한 감자조림으로, 밑반찬으로 적합합니다.',
     'MENU_CATEGORY_SIDE',
     '["1. 감자는 껍질을 벗기고 먹기 좋게 썬다.", "2. 물을 끓이고 감자를 살짝 익힌다.", "3. 팬에 간장, 설탕, 물을 넣고 졸이다가 감자를 넣고 간이 배도록 졸인다.", "4. 마지막에 참기름과 통깨를 뿌려 마무리한다."]',
     30, 4, 'DIFFICULTY_EASY', 'https://no-nangbie-20240912.s3.ap-northeast-2.amazonaws.com/boards/menu_6.png', 0, NOW());

INSERT IGNORE INTO menu (menu_id, menu_title, menu_description, menu_category, recipes, cooking_time, serving_size, difficulty, image_url, menu_like_count, created_at)
VALUES
    (7, '미역국',
     '소고기와 미역으로 만든 고소한 미역국입니다.',
     'MENU_CATEGORY_SOUP',
     '["1. 미역을 물에 불린 후 적당한 크기로 자른다.", "2. 냄비에 참기름을 두르고 소고기를 볶아준다.", "3. 소고기가 익으면 미역을 넣고 함께 볶는다.", "4. 물을 붓고 간장을 넣어 끓인다.", "5. 마지막으로 소금으로 간을 맞춘다."]',
     40, 4, 'DIFFICULTY_EASY', 'https://no-nangbie-20240912.s3.ap-northeast-2.amazonaws.com/boards/menu_7.png', 0, NOW());

INSERT IGNORE INTO menu (menu_id, menu_title, menu_description, menu_category, recipes, cooking_time, serving_size, difficulty, image_url, menu_like_count, created_at)
VALUES
    (8, '양송이 크림 스프',
     '고소하고 부드러운 양송이 크림 스프입니다.',
     'MENU_CATEGORY_DESSERT',
     '["1. 양송이를 얇게 썰어 준비한다.", "2. 냄비에 버터를 녹이고 양송이를 볶는다.", "3. 밀가루를 넣고 약불에서 섞어가며 볶는다.", "4. 생크림과 물을 넣고 끓인 후 소금, 후추로 간을 맞춘다.", "5. 마지막에 파슬리를 뿌려 완성한다."]',
     25, 2, 'DIFFICULTY_MEDIUM', 'https://no-nangbie-20240912.s3.ap-northeast-2.amazonaws.com/boards/menu_8.png', 0, NOW());

INSERT IGNORE INTO menu (menu_id, menu_title, menu_description, menu_category, recipes, cooking_time, serving_size, difficulty, image_url, menu_like_count, created_at)
VALUES
    (9, '제육볶음',
     '매콤하고 달콤한 제육볶음입니다.',
     'MENU_CATEGORY_RICE',
     '["1. 돼지고기는 얇게 썰어 준비한다.", "2. 고추장, 간장, 설탕으로 양념장을 만든다.", "3. 팬에 돼지고기를 볶고, 양념장을 넣어 간이 배도록 볶는다.", "4. 마지막에 참기름을 넣고 마무리한다."]',
     30, 3, 'DIFFICULTY_MEDIUM', 'https://no-nangbie-20240912.s3.ap-northeast-2.amazonaws.com/boards/menu_9.png', 0, NOW());

INSERT IGNORE INTO menu (menu_id, menu_title, menu_description, menu_category, recipes, cooking_time, serving_size, difficulty, image_url, menu_like_count, created_at)
VALUES
    (10, '삼계탕',
     '영양가 있는 전통 한국식 삼계탕.',
     'MENU_CATEGORY_SOUP',
     '["1. 닭을 손질하고 배에 찹쌀을 넣어준다.", "2. 물에 닭을 넣고 푹 끓인다.", "3. 대추, 마늘, 생강을 넣어 함께 끓인다.", "4. 소금으로 간을 맞추고 마지막으로 참기름을 넣어 완성한다."]',
     120, 4, 'DIFFICULTY_HARD', 'https://no-nangbie-20240912.s3.ap-northeast-2.amazonaws.com/boards/menu_10.png', 0, NOW());

INSERT IGNORE INTO menu (menu_id, menu_title, menu_description, menu_category, recipes, cooking_time, serving_size, difficulty, image_url, menu_like_count, created_at)
VALUES
    (11, '닭갈비',
     '매콤한 양념과 함께 볶아낸 닭갈비입니다.',
     'MENU_CATEGORY_NOODLE',
     '["1. 닭고기는 먹기 좋은 크기로 썬다.", "2. 닭갈비 양념을 만든다.", "3. 팬에 식용유를 두르고 닭고기를 볶는다.", "4. 양념을 넣고 중불에서 잘 섞어가며 볶아준다.", "5. 마지막에 참기름을 넣어 완성한다."]',
     40, 4, 'DIFFICULTY_MEDIUM', 'https://no-nangbie-20240912.s3.ap-northeast-2.amazonaws.com/boards/menu_11.png', 0, NOW());

INSERT IGNORE INTO menu (menu_id, menu_title, menu_description, menu_category, recipes, cooking_time, serving_size, difficulty, image_url, menu_like_count, created_at)
VALUES
    (12, '김치찜',
     '매콤한 김치를 푹 끓인 김치찜입니다.',
     'MENU_CATEGORY_SOUP',
     '["1. 김치를 큰 덩어리로 썬다.", "2. 돼지고기는 두꺼운 덩어리로 준비한다.", "3. 냄비에 김치와 돼지고기를 켜켜이 쌓고, 물을 부어 푹 끓인다.", "4. 끓기 시작하면 고춧가루와 다진 마늘을 넣고, 중약불에서 푹 끓여준다.", "5. 마지막으로 참기름을 넣어 마무리한다."]',
     60, 4, 'DIFFICULTY_EASY', 'https://no-nangbie-20240912.s3.ap-northeast-2.amazonaws.com/boards/menu_12.png', 0, NOW());

INSERT IGNORE INTO menu (menu_id, menu_title, menu_description, menu_category, recipes, cooking_time, serving_size, difficulty, image_url, menu_like_count, created_at)
VALUES
    (13, '고구마 튀김',
     '바삭하고 달콤한 고구마 튀김입니다.',
     'MENU_CATEGORY_DESSERT',
     '["1. 고구마는 얇게 썰어 준비한다.", "2. 밀가루와 물로 튀김 반죽을 만든다.", "3. 고구마를 반죽에 적셔 튀긴다.", "4. 노릇해질 때까지 튀겨 완성한다."]',
     30, 3, 'DIFFICULTY_MEDIUM', 'https://no-nangbie-20240912.s3.ap-northeast-2.amazonaws.com/boards/menu_13.png', 0, NOW());

INSERT IGNORE INTO menu (menu_id, menu_title, menu_description, menu_category, recipes, cooking_time, serving_size, difficulty, image_url, menu_like_count, created_at)
VALUES
    (14, '크림 파스타',
     '부드러운 크림 소스와 함께하는 크림 파스타입니다.',
     'MENU_CATEGORY_WESTERN',
     '["1. 파스타 면을 삶아 준비한다.", "2. 팬에 버터를 녹이고 생크림을 넣어 끓인다.", "3. 삶은 파스타 면을 넣고 소스와 함께 버무린다.", "4. 소금과 후추로 간을 맞추고 마지막에 파슬리를 뿌려 완성한다."]',
     25, 2, 'DIFFICULTY_MEDIUM', 'https://no-nangbie-20240912.s3.ap-northeast-2.amazonaws.com/boards/menu_14.png', 0, NOW());

INSERT IGNORE INTO menu (menu_id, menu_title, menu_description, menu_category, recipes, cooking_time, serving_size, difficulty, image_url, menu_like_count, created_at)
VALUES
    (15, '김치볶음면',
     '김치와 볶은 면을 함께 먹는 퓨전 요리입니다.',
     'MENU_CATEGORY_FUSION',
     '["1. 김치를 송송 썰어 준비한다.", "2. 면을 삶아 물기를 뺀다.", "3. 팬에 식용유를 두르고 김치를 볶다가 면을 넣고 볶아준다.", "4. 마지막에 소금을 넣어 간을 맞춘다."]',
     20, 2, 'DIFFICULTY_EASY', 'https://no-nangbie-20240912.s3.ap-northeast-2.amazonaws.com/boards/menu_15.png', 0, NOW());

INSERT IGNORE INTO menu (menu_id, menu_title, menu_description, menu_category, recipes, cooking_time, serving_size, difficulty, image_url, menu_like_count, created_at)
VALUES
    (16, '굴국밥',
     '신선한 굴로 만든 뜨끈한 굴국밥.',
     'MENU_CATEGORY_SOUP',
     '["1. 굴을 깨끗이 씻어 준비한다.", "2. 냄비에 물과 멸치, 다시마를 넣고 육수를 끓인다.", "3. 육수에 굴을 넣고 끓인다.", "4. 소금으로 간을 맞춘 후 완성한다."]',
     30, 2, 'DIFFICULTY_EASY', 'https://no-nangbie-20240912.s3.ap-northeast-2.amazonaws.com/boards/menu_16.png', 0, NOW());

INSERT IGNORE INTO menu (menu_id, menu_title, menu_description, menu_category, recipes, cooking_time, serving_size, difficulty, image_url, menu_like_count, created_at)
VALUES
    (17, '토마토 파스타',
     '상큼한 토마토로 만든 파스타.',
     'MENU_CATEGORY_WESTERN',
     '["1. 토마토를 껍질 벗겨 다진다.", "2. 팬에 올리브유를 두르고 토마토를 볶아준다.", "3. 삶은 파스타 면을 넣고 소금과 후추로 간을 맞춘다.", "4. 완성된 파스타에 파슬리를 뿌린다."]',
     20, 2, 'DIFFICULTY_EASY', 'https://no-nangbie-20240912.s3.ap-northeast-2.amazonaws.com/boards/menu_17.png', 0, NOW());

INSERT IGNORE INTO menu (menu_id, menu_title, menu_description, menu_category, recipes, cooking_time, serving_size, difficulty, image_url, menu_like_count, created_at)
VALUES
    (18, '두부조림',
     '간장 양념으로 조린 두부 요리.',
     'MENU_CATEGORY_SIDE',
     '["1. 두부를 도톰하게 썬다.", "2. 간장, 설탕, 물로 양념장을 만든다.", "3. 팬에 두부를 굽고 양념장을 넣어 졸인다.", "4. 참기름을 넣어 마무리한다."]',
     25, 4, 'DIFFICULTY_EASY', 'https://no-nangbie-20240912.s3.ap-northeast-2.amazonaws.com/boards/menu_18.png', 0, NOW());

INSERT IGNORE INTO menu (menu_id, menu_title, menu_description, menu_category, recipes, cooking_time, serving_size, difficulty, image_url, menu_like_count, created_at)
VALUES
    (19, '참치김치볶음밥',
     '참치와 김치가 어우러진 김치볶음밥.',
     'MENU_CATEGORY_RICE',
     '["1. 김치를 작게 썰어 준비한다.", "2. 참치를 기름을 빼고 준비한다.", "3. 팬에 참기름을 두르고 김치를 볶는다.", "4. 밥과 참치를 넣고 볶아준다.", "5. 소금으로 간을 맞추고 완성한다."]',
     20, 2, 'DIFFICULTY_EASY', 'https://no-nangbie-20240912.s3.ap-northeast-2.amazonaws.com/boards/menu_19.png', 0, NOW());

INSERT IGNORE INTO menu (menu_id, menu_title, menu_description, menu_category, recipes, cooking_time, serving_size, difficulty, image_url, menu_like_count, created_at)
VALUES
    (20, '호박죽',
     '달콤하고 부드러운 호박죽.',
     'MENU_CATEGORY_RICE',
     '["1. 호박을 잘게 썰어 물에 푹 삶는다.", "2. 삶은 호박을 체에 걸러 곱게 만든다.", "3. 물과 쌀가루를 넣어 끓이며 저어준다.", "4. 소금을 넣어 간을 맞춘 후 완성한다."]',
     40, 3, 'DIFFICULTY_MEDIUM', 'https://no-nangbie-20240912.s3.ap-northeast-2.amazonaws.com/boards/menu_20.png', 0, NOW());

INSERT IGNORE INTO menu (menu_id, menu_title, menu_description, menu_category, recipes, cooking_time, serving_size, difficulty, image_url, menu_like_count, created_at)
VALUES
    (21, '오징어볶음',
     '매콤하고 맛있는 오징어볶음.',
     'MENU_CATEGORY_SIDE',
     '["1. 오징어를 깨끗이 손질한 후 먹기 좋게 썬다.", "2. 팬에 기름을 두르고 양파와 오징어를 볶는다.", "3. 고추장과 고춧가루를 넣고 양념이 고루 배도록 볶아준다.", "4. 마지막으로 참기름을 넣어 마무리한다."]',
     25, 4, 'DIFFICULTY_MEDIUM', 'https://no-nangbie-20240912.s3.ap-northeast-2.amazonaws.com/boards/menu_21.png', 0, NOW());

INSERT IGNORE INTO menu (menu_id, menu_title, menu_description, menu_category, recipes, cooking_time, serving_size, difficulty, image_url, menu_like_count, created_at)
VALUES
    (22, '소고기 미역국',
     '소고기를 넣어 진한 맛을 낸 미역국.',
     'MENU_CATEGORY_SOUP',
     '["1. 미역을 물에 불려 적당한 크기로 자른다.", "2. 소고기를 볶다가 미역을 넣어 볶아준다.", "3. 물을 붓고 끓인 후 소금과 간장으로 간을 맞춘다."]',
     60, 4, 'DIFFICULTY_MEDIUM', 'https://no-nangbie-20240912.s3.ap-northeast-2.amazonaws.com/boards/menu_22.png', 0, NOW());

INSERT IGNORE INTO menu (menu_id, menu_title, menu_description, menu_category, recipes, cooking_time, serving_size, difficulty, image_url, menu_like_count, created_at)
VALUES
    (23, '된장찌개',
     '구수한 맛의 된장찌개.',
     'MENU_CATEGORY_SOUP',
     '["1. 된장을 물에 풀어 준비한다.", "2. 채소와 고기를 넣어 끓인다.", "3. 소금으로 간을 맞추고 마지막에 고춧가루를 뿌린다."]',
     30, 4, 'DIFFICULTY_EASY', 'https://no-nangbie-20240912.s3.ap-northeast-2.amazonaws.com/boards/menu_23.png', 0, NOW());



-- Insert into food_menu table
INSERT IGNORE INTO food_menu (food_menu_id, food_quantity, food_id, menu_id) VALUES
                                                            (1, '800g', 20, 1), -- 떡 800g
                                                            (2, '160g', 9, 1),  -- 어묵 160g
                                                            (3, '160g', 6, 1),  -- 양배추 160g
                                                            (4, '240g', 1, 1),  -- 대파 240g
                                                            (5, '1L', 23, 1),   -- 물 1L
                                                            (6, '80g', 10, 1),  -- 달걀 80g
                                                            (7, '50g', 12, 1),  -- 고추장 50g
                                                            (8, '50g', 14, 1),  -- 진간장 50g
                                                            (9, '30g', 19, 1),  -- 고춧가루 30g
                                                            (10, '20g', 29, 1),  -- 황설탕 20g
                                                            (11, '50g', 17, 1),  -- MSG 50g
                                                            (12, '35g', 26, 2), -- 식용유 35g
                                                            (13, '150g', 8, 2), -- 돼지고기 150g
                                                            (14, '40g', 1, 2),  -- 대파 40g
                                                            (15, '15g', 18, 2), -- 간마늘 15g
                                                            (16, '10g', 14, 2), -- 진간장 10g
                                                            (17, '15g', 29, 2), -- 황설탕 15g
                                                            (18, '10g', 19, 2), -- 고춧가루 10g
                                                            (19, '15g', 13, 2), -- 된장 15g
                                                            (20, '60g', 12, 2), -- 고추장 60g
                                                            (21, '2g', 25, 2),  -- 소금 2g
                                                            (22, '3g', 17, 2),  -- MSG 3g
                                                            (23, '3g', 30, 2),  -- 후춧가루 3g
                                                            (24, '360g', 23, 2),-- 물 360g
                                                            (25, '50g', 24, 3),   -- 밤 50g
                                                            (26, '500g', 23, 3),  -- 물 500g
                                                            (27, '1개', 21, 3),   -- 라면 1개
                                                            (28, '80g', 16, 3),   -- 밤소스 80g
                                                            (29, '40g', 8, 3),    -- 돼지고기 40g
                                                            (30, '1개', 10, 3),   -- 달걀 1개
                                                            (31, '50g', 5, 3),    -- 양파 50g
                                                            (32, '20g', 1, 3),    -- 대파 20g
                                                            (33, '14g', 26, 3),   -- 식용유 14g
                                                            (34, '10g', 14, 3),   -- 진간장 10g
                                                            (35, '7g', 15, 3),    -- 참기름 7g
                                                            (36, '20g', 14, 4),   -- 진간장 20g
                                                            (37, '7g', 27, 4),    -- 식초 7g
                                                            (38, '10g', 29, 4),   -- 황설탕 10g
                                                            (39, '90g', 23, 4),   -- 물 90g
                                                            (40, '20g', 26, 4),   -- 식용유 20g
                                                            (41, '40g', 6, 4),    -- 양배추 40g
                                                            (42, '40g', 5, 4),    -- 양파 40g
                                                            (43, '20g', 2, 4),    -- 당근 20g
                                                            (44, '50g', 8, 4),    -- 돼지고기 50g
                                                            (45, '30g', 1, 4),    -- 대파 30g
                                                            (46, '200g', 28, 4),  -- 우동면 200g
                                                            (47, '적당량', 22, 4), -- 멸치가루 적당량
                                                            (48, '적당량', 3, 4),  -- 쪽파 적당량
                                                            (49, '적당량', 11, 4), -- 마요네즈 적당량
                                                            (50, '200g', 31, 5),  -- 김치 200g
                                                            (51, '300g', 32, 5),  -- 밥 300g
                                                            (52, '100g', 33, 5),  -- 베이컨 100g
                                                            (53, '15g', 26, 5),   -- 식용유 15g
                                                            (54, '5g', 25, 5),    -- 소금 5g
                                                            (55, '10g', 15, 5),   -- 참기름 10g
                                                            (56, '300g', 34, 6),  -- 감자 300g
                                                            (57, '30g', 14, 6),   -- 진간장 30g
                                                            (58, '10g', 29, 6),   -- 황설탕 10g
                                                            (59, '10g', 15, 6),   -- 참기름 10g
                                                            (60, '5g', 25, 6),    -- 소금 5g
                                                            (61, '50g', 12, 7),   -- 고추장 50g
                                                            (62, '200g', 8, 7),   -- 돼지고기 200g
                                                            (63, '30g', 34, 7),   -- 양배추 30g
                                                            (64, '10g', 14, 7),   -- 진간장 10g
                                                            (65, '200g', 34, 8),  -- 양송이버섯 200g
                                                            (66, '50g', 35, 8),   -- 버터 50g
                                                            (67, '30g', 36, 8),   -- 밀가루 30g
                                                            (68, '100ml', 41, 8), -- 생크림 100ml
                                                            (69, '5g', 37, 8),    -- 파슬리 5g
                                                            (70, '300g', 8, 9),   -- 돼지고기 300g
                                                            (71, '50g', 12, 9),   -- 고추장 50g
                                                            (72, '30g', 14, 9),   -- 진간장 30g
                                                            (73, '10g', 15, 9),   -- 참기름 10g
                                                            (74, '20g', 29, 9),   -- 황설탕 20g
                                                            (75, '1kg', 38, 10),   -- 닭 1kg
                                                            (76, '50g', 23, 10),   -- 물 50g
                                                            (77, '30g', 39, 10),   -- 무 30g
                                                            (78, '10g', 14, 10),   -- 진간장 10g
                                                            (79, '500g', 42, 11),  -- 닭고기 500g
                                                            (80, '50g', 12, 11),   -- 고추장 50g
                                                            (81, '30g', 14, 11),   -- 진간장 30g
                                                            (82, '10g', 15, 11),   -- 참기름 10g
                                                            (83, '50g', 29, 11),   -- 황설탕 50g
                                                            (84, '500g', 43, 12),  -- 배추김치 500g
                                                            (85, '200g', 8, 12),   -- 돼지고기 200g
                                                            (86, '10g', 15, 12),   -- 참기름 10g
                                                            (87, '5g', 19, 12),    -- 고춧가루 5g
                                                            (88, '300g', 44, 13),  -- 고구마 300g
                                                            (89, '100g', 36, 13),  -- 밀가루 100g
                                                            (90, '500ml', 23, 13), -- 물 500ml
                                                            (91, '200g', 41, 14),  -- 생크림 200g
                                                            (92, '50g', 35, 14),   -- 버터 50g
                                                            (93, '10g', 25, 14),   -- 소금 10g
                                                            (94, '5g', 37, 14),    -- 파슬리 5g
                                                            (95, '200g', 43, 15),  -- 김치 200g
                                                            (96, '200g', 28, 15),  -- 우동면 200g
                                                            (97, '15g', 26, 15),   -- 식용유 15g
                                                            (98, '5g', 25, 15),    -- 소금 5g
                                                            (99, '200g', 52, 16),  -- 굴 200g
                                                            (100, '500ml', 23, 16), -- 물 500ml
                                                            (101, '5g', 25, 16),   -- 소금 5g
                                                            (102, '50g', 46, 16),  -- 다시마 50g
                                                            (103, '200g', 53, 17),  -- 토마토 200g
                                                            (104, '300g', 28, 17),  -- 파스타 면 300g
                                                            (105, '10g', 26, 17),   -- 올리브유 10g
                                                            (106, '5g', 25, 17),    -- 소금 5g
                                                            (107, '300g', 54, 18),  -- 두부 300g
                                                            (108, '50g', 14, 18),   -- 진간장 50g
                                                            (109, '20g', 29, 18),   -- 황설탕 20g
                                                            (110, '10g', 15, 18),   -- 참기름 10g
                                                            (111, '200g', 43, 19),  -- 김치 200g
                                                            (112, '150g', 57, 19),  -- 참치 150g
                                                            (113, '300g', 32, 19),  -- 밥 300g
                                                            (114, '10g', 15, 19),   -- 참기름 10g
                                                            (115, '500g', 44, 20),  -- 호박 500g
                                                            (116, '50g', 36, 20),   -- 쌀가루 50g
                                                            (117, '1L', 23, 20),    -- 물 1L
                                                            (118, '5g', 25, 20),    -- 소금 5g
                                                            (119, '300g', 58, 21),  -- 오징어 300g
                                                            (120, '50g', 14, 21),   -- 진간장 50g
                                                            (121, '30g', 12, 21),   -- 고추장 30g
                                                            (122, '10g', 15, 21),   -- 참기름 10g
                                                            (123, '300g', 56, 22),  -- 소고기 300g
                                                            (124, '50g', 12, 22),   -- 진간장 50g
                                                            (125, '30g', 46, 22),   -- 다시마 30g
                                                            (126, '5g', 25, 22),    -- 소금 5g
                                                            (127, '50g', 13, 23),   -- 된장 50g
                                                            (128, '300g', 56, 23),  -- 소고기 300g
                                                            (129, '100g', 54, 23),  -- 두부 100g
                                                            (130, '500ml', 23, 23); -- 물 500ml



